"text_unit_id","covariate_ids","id"
"72c428d19c253035db6c6e314742ef8c","['1cc44f14-79d1-40d0-802c-550baab2fae3'
 'f8144ad3-972a-4322-97cc-ddf33cc0097d']","72c428d19c253035db6c6e314742ef8c"
"8574f3834cc035915cdfb9d2eedd0dc1",['959c8b7b-2770-4fd0-a80b-083373b31559'],"8574f3834cc035915cdfb9d2eedd0dc1"
"eab95c5e8ff4164dcfcbe12e60dd94ce",['8da5c012-47ec-417e-b4e9-01213aeb2e7d'],"eab95c5e8ff4164dcfcbe12e60dd94ce"
"1d3c82fc7b0630a6c46863b979a2af4c","['007eae33-b6dc-4724-9e73-0a17719043a8'
 '419889f6-41ff-4a94-8121-7a45b17ea7d5'
 '5fef1e3a-aa79-49b2-850c-bf6f0a47b31e'
 'c1d3552b-c02b-49f2-a2d4-3ce0ad50b457']","1d3c82fc7b0630a6c46863b979a2af4c"
"9ea072a756077acc1c0b5f1c59da3857","['f329aab1-4da7-4e69-bf45-b9c6dbe2de9d'
 'a0b2371c-55e8-45b6-96e4-e23856b8d6a6']","9ea072a756077acc1c0b5f1c59da3857"
"8778f2e1feedb2a804f63de12dfc56b3",['a204b7c7-a448-4079-88bd-88a9579a4ae1'],"8778f2e1feedb2a804f63de12dfc56b3"
"fed1b4e2531fa3c89795c65da306e3cf","['e0c80c88-8db9-4545-be30-78273653e0c6'
 'c5c9705b-95d3-43a2-a553-b2a565b0e8ac']","fed1b4e2531fa3c89795c65da306e3cf"
"d03a5be917279f47816e4c9711cc5798","['39dd5228-1268-42c1-b48c-6c0757a0a0e8'
 '1d001660-0c7e-4c7e-8062-aa810d4f5529']","d03a5be917279f47816e4c9711cc5798"
"aca5193f0679c6672a279110869b8758",['0934d88b-6b60-4313-a60c-3528eb07c5a4'],"aca5193f0679c6672a279110869b8758"
"7f0880f07529079291b15cc45b96a2de",['fbeceea4-3cb8-4700-9af5-258ba95ee7f3'],"7f0880f07529079291b15cc45b96a2de"
"670d5b8f163e15e36907bb41ad7fb981","['a36f6cbb-6bc4-42ca-98c5-bc3b154348b0'
 'f341433b-fe0f-4d9b-9acd-d0dfb3dfad96']","670d5b8f163e15e36907bb41ad7fb981"
"bfdf3977c46f0ead15f3f8c1c9c39f40","['4fe17c46-9845-42ca-8d43-e57404d2993a'
 'b68e2e8d-d29a-48bb-bea6-4398b7ce801e']","bfdf3977c46f0ead15f3f8c1c9c39f40"
"8a315092dad843d4bcaf2d09091fb3be","['1d9b53e3-0756-4027-b82b-5806865de0fc'
 '34568302-7ddc-4e6f-8796-3e19a315969b'
 '2a8a20fe-4d9a-4788-8919-db3c281a23ee'
 '4eef6caa-aaa5-4bb7-9363-8d39dda18df2'
 'a57071ef-1ccf-4518-8dcb-ae737c752b87']","8a315092dad843d4bcaf2d09091fb3be"
"5bdccd63cc7c923ee576d653cc4f83b7","['84c25400-22a3-4efa-a4dc-af62a5c989c0'
 '3e30a1e5-fc1e-404d-a551-c3bf2497927f'
 '404b91cc-c9de-44ef-980c-21226e93daa8'
 '16f11574-ae5f-421d-9bfd-d466075c7cce'
 '6b12b0e0-c4af-40f3-a32d-23f2a6cbd8b2']","5bdccd63cc7c923ee576d653cc4f83b7"
"6715eef1712e0d946549e6681a259bd0",['0d58f937-d45e-4d5c-abe7-5b20a7c5e83b'],"6715eef1712e0d946549e6681a259bd0"
"125aaa8d948c6ad2f25489cd7366c153","['a5abac45-a4bc-4e6c-93ae-4c10736de441'
 'e6ffc8c7-d48e-4330-b8ee-041c1565ffe9'
 '5b27bce9-0d67-462c-81a5-106b586656ac'
 '205f1e92-16ad-4d65-870c-bb899e8eb378']","125aaa8d948c6ad2f25489cd7366c153"
"b7d7a176a30e0cad4e21d20d4ed670ba",['12577f01-2b6d-4041-b06b-4f6fa83a934d'],"b7d7a176a30e0cad4e21d20d4ed670ba"
"1dab4da3dc6ce428ca1f1aff6469071c","['5a9c6bb5-dab2-4337-87ba-87e081539c6d'
 'e1274127-f32a-4fad-bc81-2e13d297dc00'
 'f74b89de-3446-42e5-998f-3723d4bb6989'
 'ee300f27-c280-452d-b5a5-fe82445cdd3e'
 '5c37b731-4593-4b92-b927-d0402f45357e'
 'c17fdc08-03c2-4d37-9896-a9c8df470aa5']","1dab4da3dc6ce428ca1f1aff6469071c"
"5f9d5c30d0a45936539e58a40065c8ab",['72dc7c42-a8eb-4321-bb40-158b63284594'],"5f9d5c30d0a45936539e58a40065c8ab"
"635eabb30b2c974b48872e2656108042","['90ac8e37-624f-4582-a2e0-8f75f2695636'
 '1ffaed2c-0254-49e0-963f-a040654cd68f']","635eabb30b2c974b48872e2656108042"
"662a878337a29f5a913958b8546c3eb5","['b0e63119-5fed-495b-a2dc-5a7fb472f6e7'
 '812fafa5-5e61-4474-87c2-4a1d87034c68']","662a878337a29f5a913958b8546c3eb5"
"e8c68c9c41b007f2d476c4e03df49815","['3c4a38d2-cd88-4578-97b4-a6fbe83b111c'
 'a87407b4-60e7-462f-aadf-e063fc4e5f9c']","e8c68c9c41b007f2d476c4e03df49815"
"26827ec7b673b1b365b796c999c26d3c","['824bd5e2-b99a-4776-8d50-38fd121f9ebc'
 'b7fff619-e7bc-421e-b2d2-dd6734c61615']","26827ec7b673b1b365b796c999c26d3c"
"0b7912396c8cde985ddee6dc17ec0d4f","['7f74a00b-269b-4b39-ac2a-0407c86fea03'
 'f816baac-f65b-4520-ba2c-3098cc5886d3'
 '511c1975-7f54-44f2-8269-58a694d801a4']","0b7912396c8cde985ddee6dc17ec0d4f"
"430653c21d95ba37d4eae0e76ea56985",['42ff927d-d37f-42df-b88f-13e536b8e997'],"430653c21d95ba37d4eae0e76ea56985"
"d39928803a30957c678ba7bfc7335744",['5d9a0328-bb01-4fb7-b87c-e244e0d6f680'],"d39928803a30957c678ba7bfc7335744"
"9be6b5fd2c5d01ecc07636596864b95e",['023ec986-6a1e-4069-83e4-ac29d0b6d441'],"9be6b5fd2c5d01ecc07636596864b95e"
"4a056777579e17ab8df83067d9738864","['9b4ee6f3-b9e7-43e7-94bd-4e710ca20a5a'
 '2d165c22-296c-40ed-bd16-f38b1bdd83df']","4a056777579e17ab8df83067d9738864"
"858692a6991a43581eb17b695978b12c","['56a7ac99-14ce-4525-ac0c-f5e839bb2469'
 '95eb12ac-12c7-4f15-9a7e-43302a372101']","858692a6991a43581eb17b695978b12c"
"5ffa0e4028e6f5fb5d36d31c7b6baac1","['8cbedf4a-fe78-4bdd-a509-97ca6bc0ac0d'
 'be34c9b0-3312-40e0-9c28-607236486d93']","5ffa0e4028e6f5fb5d36d31c7b6baac1"
"e9282c280e5ee6794e75e1642753c546","['58356bdd-0e0d-43d1-bb89-6c94a5087a5e'
 'f4c30d88-a43c-4c02-9c37-073939e14e39'
 '837fbae2-8d7e-4d4c-bce4-cefae1d81c52'
 'c4579ec6-c0df-473f-b1f7-854c7e2cdc60']","e9282c280e5ee6794e75e1642753c546"
"bd51762f5e0b283bfbb800d6d11a40ed","['2fdbd302-b9ef-4854-99ed-90e230a54e03'
 '71f99fcc-6fa7-43f6-b9ed-5b057c346bd0']","bd51762f5e0b283bfbb800d6d11a40ed"
"e996589ad5cee0c543ed988a77081773",['f6131b00-c680-44aa-8450-96f402b7eeed'],"e996589ad5cee0c543ed988a77081773"
"811e2aea35222d79c8ab2b4e1682750c","['cf67bc96-7507-4121-8cf9-cda5dd301db8'
 '8f9218bb-6469-43fb-80ac-a554adb73015'
 '2ecbf13c-c80b-4e57-9af4-8f72ad1356de']","811e2aea35222d79c8ab2b4e1682750c"
"26952620749ea86364db720687c3f0b2","['125ddf52-7024-40a1-8bd9-ea17bf5aa4fe'
 '564ab8b8-fb4e-428a-9618-35f5d584426f'
 '55e1c4ed-03f1-43da-b721-f1d9aa9fed59']","26952620749ea86364db720687c3f0b2"
"fef9c649ce6a269e3527f9c73e29aceb","['5a75e4ce-b2c7-4f5b-90f9-a3420d4c8d1d'
 'bcec0a0b-c8aa-4a79-bc27-4114c7755ec6']","fef9c649ce6a269e3527f9c73e29aceb"
"2416bbdc682287235364cc5dcf3b768c",['eef4717d-1c62-495e-b20b-f68ccb63a55b'],"2416bbdc682287235364cc5dcf3b768c"
"15e19a9eed9e792a37f0ad41d3a965bd",['04e43c74-0c76-4e08-ba0f-a677e5a53d8e'],"15e19a9eed9e792a37f0ad41d3a965bd"
"e87ce9ead619379b75f606b5ed62c8d4","['e18dc078-a5b8-41b6-986e-7602de18177c'
 '139d3b96-d9c0-4d66-8b54-cf5a1efdfdc1']","e87ce9ead619379b75f606b5ed62c8d4"
"5aba713d34cf47d3a146255cb3b5584a","['b9c6e2ec-29e9-4da1-ab97-396ec145c7e7'
 '05b81018-33e4-4f75-9a76-7c6049a0a912'
 '68c1c08a-1ce5-4ba7-8e17-d37a02dae591'
 '1a93487e-3f5d-4b25-869c-cbe8fc88cea6']","5aba713d34cf47d3a146255cb3b5584a"
"dd0e8c3a53affd5981f84d21983eb5ee",['2f3257ca-e389-487c-a13d-3ec2a781685e'],"dd0e8c3a53affd5981f84d21983eb5ee"
"8f5d126775576a236cb53e6f86b663da",['4b776916-6ed3-49e9-8280-33a2e3ac03e9'],"8f5d126775576a236cb53e6f86b663da"
"078f14bae4d779e6ad5fad23e7f2ea43","['4a3b271c-9904-4b63-a9d1-d7fb211adc2a'
 '9c000d55-fb94-4138-90e7-aae0534ac2b2'
 '4effca54-5700-4bc3-9973-2f197b6b459c'
 '1b5e87be-169d-45e1-8adc-2e41729d83c6']","078f14bae4d779e6ad5fad23e7f2ea43"
"82f6df8c73c78cf4fd7eed0d4e5e77b7",['e4e65aef-803a-4faa-a6d3-486094d494a9'],"82f6df8c73c78cf4fd7eed0d4e5e77b7"
"8a22d1ed78856814aba3794bf1b450aa","['76c389de-3cff-457b-aad8-7c8589a1d8fd'
 '04bb1c92-f71c-442c-a965-8f80701b7a14']","8a22d1ed78856814aba3794bf1b450aa"
"e5fa74b405fb017d2cffb093ab477001","['d231cdac-c1d9-4332-8aeb-9913a50273ee'
 '4b7ea8c3-84cc-4d23-8158-c85abadd985b']","e5fa74b405fb017d2cffb093ab477001"
"563361f76d1a9622c17edd6689d14bfb",['43bff92a-ac37-48ee-8ac4-e1637b1f363b'],"563361f76d1a9622c17edd6689d14bfb"
"ac4cec82c21d6c2b8c5e2e9b3be742b8","['30a493f8-b711-485a-b616-08ed0493254a'
 '07e78956-d323-4aae-a382-512d4df3a678']","ac4cec82c21d6c2b8c5e2e9b3be742b8"
"38dd0921ac731174a59ec6e94eeab28b",['696647a2-0606-4df2-afe4-c3eb5034107b'],"38dd0921ac731174a59ec6e94eeab28b"
"d7bbdfbd03e739c6c52bd3c9096bbcd2",['dac8faee-7490-4e75-a724-31284d8123b2'],"d7bbdfbd03e739c6c52bd3c9096bbcd2"
"10955923af33dd58454b796b2da93d07",['a41b9dd0-a4db-4851-b524-e89ff18c48d1'],"10955923af33dd58454b796b2da93d07"
"26aeb6f00d5522b71f5210e7e66a2cb7",['50859f8f-f85b-4215-82d2-957b148e5ad1'],"26aeb6f00d5522b71f5210e7e66a2cb7"
"94f5ee6f7ea75fa6da839400ada6c9ec","['1acc0385-ad83-4608-8473-21ae9a892580'
 'e48d51dc-3b1a-4cdd-8ef2-10214023b7e1']","94f5ee6f7ea75fa6da839400ada6c9ec"
"d6fed9f836099d34eeb33a689ef5905b",['bf1d33d1-b567-4e45-b513-53ae329a80ff'],"d6fed9f836099d34eeb33a689ef5905b"
"9c29a6ca388e1ef7ee4a4bd25695cb71",['9f5223af-362b-48be-ad68-c1aa366ce8df'],"9c29a6ca388e1ef7ee4a4bd25695cb71"
"9706700c164888cada6cc7690b0558e3","['8605f827-726b-4740-929f-e269f1b60c25'
 '2b5e9844-294e-4349-b694-4cd283fca0f0']","9706700c164888cada6cc7690b0558e3"
"3405d57ce2cb8930da5dfb2d59f15ce1",['277b2517-27c1-49c1-944d-a02eb46891de'],"3405d57ce2cb8930da5dfb2d59f15ce1"
"c9391913bcbf6c8ce05f702658ff0f0f","['92e18369-5b83-4078-b931-7c77d567e014'
 '53ced4cd-43ee-4bfb-b4c4-49462d0c4668']","c9391913bcbf6c8ce05f702658ff0f0f"
"40aecf550b64085ed8aa08f800e16a30","['142942dd-73cf-48d9-9d6a-d50668351882'
 '6e4425f8-9314-4c4b-b6c2-41d3ec978d17']","40aecf550b64085ed8aa08f800e16a30"
"5a23cb91ee6aebebc216620b08be0d41",['546a2280-5f52-440a-bf62-7229faf9c7ed'],"5a23cb91ee6aebebc216620b08be0d41"
"01a44471658f608d573d20b284b08638",['7b24883b-2074-40e1-8c3d-98acc0f88a85'],"01a44471658f608d573d20b284b08638"
"e799020bd4ed9106a95fb5715fef0d57","['43bf9e74-3ca2-40dc-a38d-079cb2cf8ff0'
 '9cd1ec09-fa80-4baf-8385-a400802c89b8'
 '7c254fc6-2ec1-404d-9634-0ffe26a40276']","e799020bd4ed9106a95fb5715fef0d57"
"6b7d7bef02fe471453e86ff1551c6a7a",['66064b62-614b-4974-94b5-f5621ad91677'],"6b7d7bef02fe471453e86ff1551c6a7a"
"21e832b2ab519ad1e3a8ac46ab4842fe","['96bbb7c1-7e01-462b-9337-667736f575a4'
 '4ca8b326-b292-45ee-b3b1-740f740739ec']","21e832b2ab519ad1e3a8ac46ab4842fe"
"be4aea5c3851b39e2ff5c367900daa90","['03b62c97-54df-479e-a496-13beaa039e24'
 'e9fed57a-ee43-470b-bcbd-52e3204a06b2']","be4aea5c3851b39e2ff5c367900daa90"
"fe67ca15be08a6b00a245e63131b8a03","['d8ffa71e-ec94-47dc-93b7-ad2877f3713a'
 'ed3f3742-683e-41aa-a95b-6f0e131495b2']","fe67ca15be08a6b00a245e63131b8a03"
"6aebc820a4158d720b76fe99d4786e12","['3feaa0c8-b98e-4497-9864-99eaa6fe8888'
 '16a7b36a-f2d2-4178-b726-a259f69046cc'
 '6cb78942-93b4-49db-a574-6d00f4012083']","6aebc820a4158d720b76fe99d4786e12"
"0d038a2560cc5bf059eccc772d45635c","['4d12fd52-c45a-4bcf-bff1-9d576ac20d5e'
 '222d49c0-ff21-4070-86a0-1d26440ac781'
 'e9dfb40c-cdd0-42c5-b490-00aaccbb886c'
 '286b800c-54d4-44a7-89f4-84e1da8e76a6']","0d038a2560cc5bf059eccc772d45635c"
"0e09879bf7db3d8a2ef74d68d4e2e984","['15873bb5-dc69-4038-800c-5138d2780285'
 'db8e40b6-b8d2-481b-a77a-2a68f7fce855']","0e09879bf7db3d8a2ef74d68d4e2e984"
"9796f10b22a5b0a3db4557e3075bdbb0","['3a67e1f0-e21a-48bc-934c-56aa1abad99e'
 '7d82fb62-2786-49bd-8d65-08f0f221908d']","9796f10b22a5b0a3db4557e3075bdbb0"
"a7afffd39fb1e0380ea66d364f749532",['3f57e9ee-bf3a-4093-b7dc-f1747e7bb500'],"a7afffd39fb1e0380ea66d364f749532"
"35f219c5349bc5c6b800b555b7325333",['e1ef9e00-1c84-4786-b862-1271f4c85795'],"35f219c5349bc5c6b800b555b7325333"
"cde81b63c0352bb90b98015501a3b422","['679aa9ff-8f0f-47b9-8eb2-b53f94274e08'
 '12810c0f-bd1a-49ff-9676-36807dcf80f8'
 'b11a7047-3667-47d1-b79d-2975243d2bfc'
 'fc97adc7-07af-43ab-b7b7-9a1cb81baa4e']","cde81b63c0352bb90b98015501a3b422"
"e11ca4f8828577aaf7126b6cb523dc0c","['7d419857-9870-433d-850f-399f79df563a'
 '45d2fcda-5c6c-4745-a174-7533efd4ae40'
 '58938bd1-f087-430b-b460-921441d9768f']","e11ca4f8828577aaf7126b6cb523dc0c"
"1f20c2401d483b8a4f7e94c30ef806c0",['99aad091-eb9f-44e8-ac77-f366934b534e'],"1f20c2401d483b8a4f7e94c30ef806c0"
"eac76d5cf62bdb175682def4193cbc29",['d645966c-0a3c-474e-8851-0ca5638e3ff5'],"eac76d5cf62bdb175682def4193cbc29"
"5b166187db4b621cb91cbcabbfbd460b",['c180353b-ec14-480c-8d4c-b7a357620969'],"5b166187db4b621cb91cbcabbfbd460b"
"241ba511a6b267992f84019bcafa5146","['1f31ebb6-3889-4d3d-ac42-44a1296bf423'
 '1dfa33f4-397b-4404-b2e1-dcefee0fbeaa']","241ba511a6b267992f84019bcafa5146"
"1b7afcab69384f4109d8537750df26a0","['07c8026e-9b4d-4e85-ad50-30ef3c94a555'
 '231b4a5a-2f09-4f4a-acf7-a63f4ad135c4'
 '08af0d85-a026-43ef-a418-45c2cbb69516']","1b7afcab69384f4109d8537750df26a0"
"27b41eca87bd22a28604791bb17dbdbc",['4185ac7a-9a7e-4087-9bc1-ab34dabc289b'],"27b41eca87bd22a28604791bb17dbdbc"
"67a230cf4b51067fac96ba864d694107","['02c0f7aa-57f0-49be-9576-a81ed2c45cce'
 '4c2299bc-fc8f-4589-b0c0-304301004fe3'
 'adbd45cf-a7e9-4156-b30c-4c88b9ed15de'
 'c0522ad0-bf0f-405d-a0b5-868278db2d81']","67a230cf4b51067fac96ba864d694107"
"c2ad2384fcd7d5fb0deb4af86a9380ba",['e04db601-e2c2-48fc-a393-06342a8c3072'],"c2ad2384fcd7d5fb0deb4af86a9380ba"
"4df4c580b88edb58280040957d2b13c5",['1ca0a107-2481-4b22-a65f-2c23e8b71e21'],"4df4c580b88edb58280040957d2b13c5"
"2a4dfba4750588906f2098f45d6ef795","['ce1cb00e-6d2b-4a9a-a495-8c5f6b95be5a'
 '812580e6-ea73-4c3b-9d4d-aa557fb3f658'
 '96113452-e669-4319-a2be-2b726295ae72']","2a4dfba4750588906f2098f45d6ef795"
"0e6d1961c112676304a1c82938f647f0","['a7f09fe9-c492-4500-afc8-836c30b64a55'
 '8844c030-f830-43e8-957e-4fcd50e9cad9']","0e6d1961c112676304a1c82938f647f0"
"8247eaabe8d0db4fc1c5828f95e413ff","['e25fe75f-41aa-4239-b6d2-a2757fb06b87'
 'fb7db605-a062-4d3e-89a0-0cd010dd0cd2']","8247eaabe8d0db4fc1c5828f95e413ff"
"7a9d013be64113ac0b686f7835ad3646",['c338710f-bce3-4ce4-9e23-de10af5ca6ee'],"7a9d013be64113ac0b686f7835ad3646"
"fb91f31375af53453d052fdff50f6187","['275d0325-5400-4d0a-939b-f4d2ce20597c'
 'c1a3cf3c-1e50-439b-8a17-98fabd6fd345'
 '87480f18-84bf-4662-b866-156b27f991fc']","fb91f31375af53453d052fdff50f6187"
"b9b9e11170b32192d67fdf084d715f45","['2d4981aa-5cca-4c5e-9c6f-877c7e2f4bbb'
 '62ddc186-12e1-4917-8834-0fead9dd04d1'
 'af40e890-ef26-4a80-a6e4-525a9c07756e'
 '1cc81cb0-9cdd-47c8-a587-0f1f476cd30d'
 'ea03029f-964a-4edf-90e3-f7b0fce69b6a']","b9b9e11170b32192d67fdf084d715f45"
"66cc93ab286227e785be2cd8302cab77",['2d9382ba-bb89-4420-8e01-a93d0fd5b075'],"66cc93ab286227e785be2cd8302cab77"
"6965a0a9afffb8be84b960e5517baba8",['d5ee707e-6c8a-4a12-ac5d-c741f3ad426c'],"6965a0a9afffb8be84b960e5517baba8"
"07ee7a0c9129745b5e378841be05c2ae",['56cb8990-3166-4503-9cc2-38528e945f79'],"07ee7a0c9129745b5e378841be05c2ae"
"0ef90d46880110c9301c8eb4b21ebb44","['2557b4d8-47df-43d3-adff-f60b86874dd6'
 'a8d500a8-0113-4aba-b17a-aa446b545abb']","0ef90d46880110c9301c8eb4b21ebb44"
"f2b9a3e3b16a5ef347d9b801f0c92955","['f6f9775d-c767-4e0d-8d16-86abdbcba7b8'
 '4ac13934-7ef8-4d97-b9df-2a357b1e73c2']","f2b9a3e3b16a5ef347d9b801f0c92955"
"d2e04ee9d1cdefef4e95bc5b34b0dbfb","['d3f6d0af-66f1-47e7-9ab6-a316f00d8fd6'
 '2bd2eb09-9f9a-415c-a7d2-d88509d7a195']","d2e04ee9d1cdefef4e95bc5b34b0dbfb"
"cc4a8818601cdc620d55eef2b6ed49f7","['ad9ee463-2a60-4b71-9127-41e7eafac788'
 '35ebdfa1-e51b-4b05-8b9a-bc777a3d749a']","cc4a8818601cdc620d55eef2b6ed49f7"
"97543c44edcfe91806ae4966fb27036a",['27b84f74-0bab-4e21-aee0-f5c386afc0ef'],"97543c44edcfe91806ae4966fb27036a"
"c7090e265fb62a1c444aee9773b4bea3",['0b4ed787-4148-4bde-a491-be6ae19e1ec3'],"c7090e265fb62a1c444aee9773b4bea3"
"8b34a2b22abe94c075872bb4ab06d253",['290cf096-6e69-4398-9921-ef194b94da5d'],"8b34a2b22abe94c075872bb4ab06d253"
"72ef77d14fd5f7379a4d83d84a21217c","['23fd0f18-c3eb-4da4-9627-4e4c0d00ba99'
 '3d472bcf-471c-4d3f-aae6-72418c326ef1']","72ef77d14fd5f7379a4d83d84a21217c"
"5a24be5be62e4c2b6089680d85a28bb2",['7caad925-55e3-407a-a61c-8dde6a8e1386'],"5a24be5be62e4c2b6089680d85a28bb2"
"25fe70f4e78e841093d4e470427c5217","['11f97116-c35d-4615-86a8-400fcf06fafe'
 '853a79bc-72e3-41ac-9434-b344f3a7f130']","25fe70f4e78e841093d4e470427c5217"
"13526d7718fb859960383037dbbaf4e4",['0ab325d0-b1fd-434e-8fbe-b211dd9209e6'],"13526d7718fb859960383037dbbaf4e4"
"92e60b810f5507e207306d25d04c0814","['ac3889c1-5573-4a68-94d4-74870e42f8ad'
 '75061dc9-ffa6-4a02-9b2d-3cd0ec8e73f8']","92e60b810f5507e207306d25d04c0814"
"839b9207b75bf3ace550391324a33388",['ed7dd898-d454-4ed1-ba47-e9c1fe0ea282'],"839b9207b75bf3ace550391324a33388"
"f702c7b6765a8888a8ea861f2a4c014d","['732598f6-f755-4b47-a0cf-6e698e972e27'
 '63180f27-d0ae-4e61-89c2-7cacb81f9a9d'
 '5d46b690-62d0-43ff-b70b-ee7dfec090ad']","f702c7b6765a8888a8ea861f2a4c014d"
"fe776e2fb42accc6008bfd9f9c017855",['8d82d468-6792-42ba-8ff8-7d0dd11af2dd'],"fe776e2fb42accc6008bfd9f9c017855"
"4d28b35e2fd1fe04534b8fe505fb07cc",['53c2eb65-3dc9-4069-b461-fb56f9c442a1'],"4d28b35e2fd1fe04534b8fe505fb07cc"
"43fe3eabe57a1961a64491c86cb08d67","['6c652e25-aa71-4919-acf2-31751d46e1e6'
 '9ce35b4a-b514-4e3d-aa55-0046b3e6b64c']","43fe3eabe57a1961a64491c86cb08d67"
"9a19753353f40064a6811288ab2c7556",['d5306990-e7cf-4d92-abd5-23524242d6f7'],"9a19753353f40064a6811288ab2c7556"
"60ebabe690f6d6bd2408ac12e84701ab",['feb01832-659f-40c7-aa10-c5d87b0393f9'],"60ebabe690f6d6bd2408ac12e84701ab"
"a9baed6c1234760eb79ab79ad2e3c4b8","['9f1363ef-706d-4d09-92df-cafdee1dc2e2'
 '38a94111-2d85-4e3b-93db-c8dadfc4f807']","a9baed6c1234760eb79ab79ad2e3c4b8"
"84d2fded9e5586dd584e403e106085ca","['d924be3f-9bda-42d2-bb7b-dc752612bd7b'
 'ef7294e2-575f-472b-a76e-756bd56243cf']","84d2fded9e5586dd584e403e106085ca"
"c4a15b4c2991a5c14031f996e99ba460",['fdb0e1b7-7f40-4dc5-8ccd-575db8da6384'],"c4a15b4c2991a5c14031f996e99ba460"
"99db7b89b640a0c2570b3bb8e21f43f7","['f68016df-b95a-4a13-803f-dcc1d739dee3'
 'a44a4009-5b3e-4643-a73c-9374399a82f7'
 '6725e3b2-b681-435c-b657-053740346693']","99db7b89b640a0c2570b3bb8e21f43f7"
"85866d97200f421b7d8eaa3b9663908c","['332d6dc3-7c4a-4b2f-bce8-31138476e3af'
 'ee813577-cf25-4b88-b88c-4a98b8f2776e'
 '5a4d7abf-8fe7-4892-af51-5a5ead4df68d'
 '690e694e-8b8a-4709-a4bd-5f7b65a9f8e2']","85866d97200f421b7d8eaa3b9663908c"
"10c4087ea9328fcec618be8c8c72a545",['328e8399-70ab-4f07-bd2b-207aa0585cf8'],"10c4087ea9328fcec618be8c8c72a545"
"595dc3457df06d08ab6fd04192ca4288",['08e17b5b-490e-4603-9962-a22d03ccaeb5'],"595dc3457df06d08ab6fd04192ca4288"
"27dcc94d9b7fde810dec04243d5f4424",['c35a2c7d-720d-414b-ab2d-12ad222a72eb'],"27dcc94d9b7fde810dec04243d5f4424"
"bc43017fa804602eec26c90d6d112e06",['4af37a0d-aee7-4021-95e9-8c5b82bcb795'],"bc43017fa804602eec26c90d6d112e06"
"e8d077c7aea2ce872593c6e0d8ad3df4",['0fb02361-5e01-4eca-bf75-f7e5a7d5bd35'],"e8d077c7aea2ce872593c6e0d8ad3df4"
"6742be446922dd121eefd8afff18537b","['65bfd5f1-6467-46c0-ab13-b28172930234'
 'e0eb7a32-35c7-4b92-8965-4d8700b748ac'
 '3b743222-8ab2-43af-bf2a-2d6ab6b4b8e9']","6742be446922dd121eefd8afff18537b"
"4e9cd7c817b157e416ae8f8ffed06c56","['bcb5003d-b1c1-4efd-8e00-142fa36d67fd'
 '6570faed-c65d-4fc7-b081-3f48c9cf3c7c']","4e9cd7c817b157e416ae8f8ffed06c56"
"d85a9f80c3a8b981f89c9aeaf3defe13","['1e7c117d-cdc2-4c21-99ce-91ca0eca89c1'
 '8007d017-2bfa-4923-93f5-4388aefdb4f0']","d85a9f80c3a8b981f89c9aeaf3defe13"
"ccdc87603fa2414f50c8b18e3ab78c70","['67252f0b-4dad-4026-9003-9022c759de67'
 'e955b59c-193f-4281-b3cc-a5ff99270fa2'
 '568459b9-50c9-49b0-87a2-4683ec514e28'
 '77e9ec10-5225-44c8-b0e2-2d10b290499e']","ccdc87603fa2414f50c8b18e3ab78c70"
"6b7528cd9ea8d789abe3c8ea558e0abe",['ab02fdfc-8711-43e9-93e6-1bc903b691e6'],"6b7528cd9ea8d789abe3c8ea558e0abe"
"777d349ff472a2c8dff56fdc417e9ad6",['be09c61b-110f-4f7f-865e-db8ba7d65f42'],"777d349ff472a2c8dff56fdc417e9ad6"
"748a5cb2e67b0d24c5e76078514b228f",['2f3ef554-7cfe-400d-a1f0-e200c5098495'],"748a5cb2e67b0d24c5e76078514b228f"
"8524d4a8759107a21626d3501c4724e2","['ab87ebde-bb7b-49b3-8025-9340a671fbbf'
 'f37ed743-365c-4e0f-a702-534bc77b2b2e']","8524d4a8759107a21626d3501c4724e2"
"8317f7c931427b74d2356951f0383b72","['53ca143e-ce1b-4ba0-ad47-f70722094dae'
 'd3b584a1-e85b-4aec-95aa-a7108d8d03c6'
 '28625400-879b-479d-b196-914ad0dc50bc'
 '17a83c9f-6c2c-4fc1-8094-bbd30a3db113'
 'fa9fe31e-b9d0-44d4-b483-36fb5bdd8f1d']","8317f7c931427b74d2356951f0383b72"
"7c816fbd38dc2ec7d29db9c8f19bc5c6","['30a1ae7e-b4e7-41c2-a180-cd85dd56acfb'
 '72b9a77c-a435-4e2c-9bf2-d67239d9e08a']","7c816fbd38dc2ec7d29db9c8f19bc5c6"
"508ac5faa042c00b4881fdb044ec22a1",['975839b6-ef63-44ae-95bd-7c04db8f3ac1'],"508ac5faa042c00b4881fdb044ec22a1"
"2d8598614a3b2a6df74b101ab9d9f3db",['734bd817-0a0f-4cde-ae24-575476162665'],"2d8598614a3b2a6df74b101ab9d9f3db"
"20e0df85ac24e24c4e87ae59c728636a","['0bc0f480-39b3-4adc-8e96-8a861798ab2e'
 'c85d892e-3269-4bf7-998c-f4002c59f7a7']","20e0df85ac24e24c4e87ae59c728636a"
"9ec3183997e9b53cecc3d69523d6c509",['f396a3f0-d2ea-4996-8846-a15ace62eb74'],"9ec3183997e9b53cecc3d69523d6c509"
"5a8cea5cfd5efda0dd2fbcb18978cfd4",['80eee135-3f9f-450d-986d-59520054244b'],"5a8cea5cfd5efda0dd2fbcb18978cfd4"
"ca5a65939fc04c9d28026d5c955aa877",['c9767328-7e73-4300-929a-a76dcb4a615f'],"ca5a65939fc04c9d28026d5c955aa877"
"aec0495f6dbc3f5896ec07ec7ebe251e","['6501b9a3-9f4b-4882-9409-b154fe957ccf'
 'a1d70ce0-2c7f-4585-82c0-49114b92c938']","aec0495f6dbc3f5896ec07ec7ebe251e"
"ff5db536458a8abf6a70a74408c4dfec",['acaec485-7ced-4044-981d-0596caea7e63'],"ff5db536458a8abf6a70a74408c4dfec"
"2bd9d64dccdbf2ad7cb29afe2ccc3479","['2243535f-cb26-40f5-9434-cdda13be4898'
 '768235d0-7283-4c1c-a594-638ac7ec2208']","2bd9d64dccdbf2ad7cb29afe2ccc3479"
"efa0f2467e6242170a2d90a14385554e","['3c721e65-0c43-493a-9495-dc0c203e94ad'
 '203c9453-908b-4349-9742-b59806309cb7'
 '0ed4d1ad-bdd9-44d3-bcb6-0410158e75cc'
 'c3246cdd-c737-4ef6-a1dd-759b44289cf4']","efa0f2467e6242170a2d90a14385554e"
"4afd356aec4d6f5d391159dd033f2e2b","['dc5165c0-6672-4a8c-b857-29f6b7abc312'
 '8f9e3c95-1191-4e2c-888e-826d5491b9f4']","4afd356aec4d6f5d391159dd033f2e2b"
"8fbade2505b0850c4038ba4b0b013b29","['7870094c-6b6a-4159-a997-7ededda90131'
 '1ab3476b-9311-4102-a22f-b689322f443f'
 '18337e8b-d700-4e81-8fd9-a98aaab2c768'
 '096ddf7d-90fa-4f2c-b07e-6da311566eca']","8fbade2505b0850c4038ba4b0b013b29"
"2ca4dd87df7a7297bd3a223b08f539bd",['8201b006-36ed-4c0f-b96f-b0c20b721443'],"2ca4dd87df7a7297bd3a223b08f539bd"
"542e71d7d8d24c707e8aa684ca847c38",['5090ceb4-a82e-4e40-a255-0592c03c6ac3'],"542e71d7d8d24c707e8aa684ca847c38"
"6f664b027f5136242609cc38adf527b1","['ea103e6f-ace7-4e3b-a8a4-0d2a6ffa5538'
 'e8de4acf-f973-4d49-af8b-09624c719114']","6f664b027f5136242609cc38adf527b1"
"008d65e4640a5208f1016c02bde466fa",['94fabf97-131f-42ea-b2f0-ac90aeb6d3fc'],"008d65e4640a5208f1016c02bde466fa"
"02d2277b6e803b3a6f72b3721eb23490","['315c195b-a028-4adf-8e41-f3a470735303'
 '22d3f495-d6aa-485c-8e00-46b592951c5e'
 'd70148e8-4f3c-4fde-8800-69c355cdebc0']","02d2277b6e803b3a6f72b3721eb23490"
"61fb908630d3c280e95911db487c62e4",['451d600e-dd6f-46cd-af1c-22df34b8e870'],"61fb908630d3c280e95911db487c62e4"
"7e108a1f0876a82e34633eee74f96309",['629db863-3e24-4d37-8e03-f9c4ba41e9be'],"7e108a1f0876a82e34633eee74f96309"
"16e0ed7f7ab6b92d2c5616655df1ed00",['dc261f14-5323-48a2-ba32-fc366d6006f5'],"16e0ed7f7ab6b92d2c5616655df1ed00"
"1dc33c657628dd4ef956950e220b70da","['99ca9a21-df69-4173-822d-aa5291f5c13a'
 'ff89475f-d071-433e-854c-6130f62bd40e'
 'c158f7af-cb64-494b-af5b-c524ffdc4e2b']","1dc33c657628dd4ef956950e220b70da"
"cbf4462f3611d64fd6ecf0ba54555a49",['a91f97f5-907c-4b5a-a09c-15c7e1539273'],"cbf4462f3611d64fd6ecf0ba54555a49"
"2bef9f2520b250df2955e1148e863a15",['d2df24d8-9017-484c-a248-aecb53ac3fe7'],"2bef9f2520b250df2955e1148e863a15"
"7b3ffa4aa3640fab05df340f23773806",['93900499-c731-4db4-8291-4fbd152edd2a'],"7b3ffa4aa3640fab05df340f23773806"
"1a7a2ff68d41451fd234f3b95d8f9438","['09aef434-df84-49f0-bf7b-c2cb9ee419d5'
 'b5030748-690d-4b8f-96e5-ee6f533c28a4']","1a7a2ff68d41451fd234f3b95d8f9438"
"556b05eca1c1694a4f7ac7a9aeef4d13",['dd6e3409-46e8-4d48-8f00-fece937a5fd5'],"556b05eca1c1694a4f7ac7a9aeef4d13"
"f6c425bdd3bdadaa7f7b65901b875aa6",['8573edb8-5b4b-469f-ae8b-de030e0da3ad'],"f6c425bdd3bdadaa7f7b65901b875aa6"
"2bac8cd2c646865c07a176576b25a409","['bf472946-a496-4077-b89a-8632383a852b'
 '39cc545a-2ffb-41ce-96af-3da8f567a436']","2bac8cd2c646865c07a176576b25a409"
"bdac16159b60ffb7d6f9ffa4bc2f87d1","['ed0e345f-b059-477d-8826-74714124078d'
 'd9c0352f-d093-42fc-b287-abfe00c0c8a6']","bdac16159b60ffb7d6f9ffa4bc2f87d1"
"1cd97c98e1c0d5f114e9004dbdea93ea","['b57c59bd-431f-43ea-beb8-27a722554c61'
 '707b7355-df71-4ad8-ac45-7ff2edbef760'
 '836e6308-9918-4946-9541-013ccbea7ecd'
 'bcd76d1d-da4a-419f-88a3-f5963833cfdf'
 '510b0b82-c25e-4432-ac8b-24c192ea0d63']","1cd97c98e1c0d5f114e9004dbdea93ea"
"81dfed839bbb088d66ed74faafa95382","['5bda233d-5987-4778-8bd8-accdbc11d83a'
 '2aa4f220-1b81-49a0-81fc-79f50898abf4']","81dfed839bbb088d66ed74faafa95382"
"ec821b7ffc72d74c237ed12d21aba6f3",['b1263150-4181-4d93-8107-d4746a9cc61e'],"ec821b7ffc72d74c237ed12d21aba6f3"
"4b2c53355f86a10ae990338ebcb9c1cf","['4134e40f-38fd-45e7-8658-e3b1c72c03fe'
 '471e29c3-faff-43a2-bad4-5d1bc8fa16c1']","4b2c53355f86a10ae990338ebcb9c1cf"
"ccde189789ac67cba39855daf5e2899d","['5ed52cc9-3d8c-4754-a333-ea345a0f20d2'
 '430e7f03-6c1f-4d96-95aa-a0a6a69c04bc']","ccde189789ac67cba39855daf5e2899d"
"2b16421c02f2ac235ddc41778b2e16f2","['7f5c15c5-c806-4852-b6b6-f208f0d65171'
 '5d342271-1f69-4b80-bf5d-efa07222d4bb'
 'efc9c6d9-a644-43c7-9b23-5ab95b032a9d'
 '65f3e73a-9647-472f-a5f2-fa4dcfe2cd80']","2b16421c02f2ac235ddc41778b2e16f2"
"1fb6362cb4b546e723baef4dcb5c1be5",['2b7a425a-6294-4a1b-9ec8-0920951c86e0'],"1fb6362cb4b546e723baef4dcb5c1be5"
"c71a117a935af73367b81946726d7777","['221f694c-8fc9-41bf-9e4e-67a6dda29d4e'
 '1fdbfd77-a804-4670-8ad7-fb75897875ab']","c71a117a935af73367b81946726d7777"
"db743da6be29d97ffc8abdd6d3be4aef","['4a19ea67-caea-412e-8c0d-e47560e30254'
 '571b9ad8-d1b8-4d07-9ee6-b0175b2afeba'
 '5f1849c0-fc55-4c01-8bff-bec1184d78fa']","db743da6be29d97ffc8abdd6d3be4aef"
"3f8b6d62e8bb7c6f21608de7fea4ba02","['510672a3-19d9-42cf-951d-a6a88af409bd'
 'ad518492-a3a0-4b23-a577-eff7e5ef7038']","3f8b6d62e8bb7c6f21608de7fea4ba02"
"cbed4d4646f17080ba6330956c14d83f","['3c9da682-1e2c-4cdb-961c-b13fb9f6a457'
 'b1cfb8b9-e1cc-4056-ae0a-c327e16ae7a0']","cbed4d4646f17080ba6330956c14d83f"
"12d1f91e89d082920c89bcdd2f7660ec",['725bce3d-5d18-45ae-b070-b51075783aca'],"12d1f91e89d082920c89bcdd2f7660ec"
"016f43c5ba92b8259d4a288f96a46817",['5119e136-6fe4-4bac-a939-4df5c8c29897'],"016f43c5ba92b8259d4a288f96a46817"
"1b7754026ba47eeb65fc0fbd78b1c0f7","['7bf26cc8-23e2-46b0-ba87-552f91512dab'
 '577f3476-1150-4be1-ad51-999f3eb3c57a']","1b7754026ba47eeb65fc0fbd78b1c0f7"
"2c3ae7491cabfdc2946c79ea584fb1ca",['c086a97b-5692-414b-ac72-a1f77405b253'],"2c3ae7491cabfdc2946c79ea584fb1ca"
"1170f02c4f72abe944971b085d7e2626","['7b258946-dfe0-4fb3-b97e-b2cf12f13e8a'
 'acddde61-81f4-4333-89d0-ea292744a438']","1170f02c4f72abe944971b085d7e2626"
"084712776af45fb46dcf1027340a40b7",['1d700f78-e8b4-48a8-990b-97a688c3541e'],"084712776af45fb46dcf1027340a40b7"
"040eeb0720e09da6eb2c8c738363f73b",['5c9dca55-acc4-4dd6-a9f8-f46ebf5881e3'],"040eeb0720e09da6eb2c8c738363f73b"
"0318240c7b8fd392bf7ac9b77955c1bf",['0f4163a9-2b23-4fa1-97b9-bb2cfe8e8df3'],"0318240c7b8fd392bf7ac9b77955c1bf"
"c129c0bc6ccf3512f0165c48e1049069",['19cf999f-9ed4-4967-a933-50cb2ca03006'],"c129c0bc6ccf3512f0165c48e1049069"
"e9920413a3f5993720991dcdf41c4f86","['e803a655-2c47-49fe-b051-c4b580a836af'
 '35e03baa-e146-412f-8fd6-a3bb3281c761']","e9920413a3f5993720991dcdf41c4f86"
"0f8aa8ebfb90aaa521f8729d6eebd88a","['6949dc1b-1d42-44f3-8200-ac03d9316c52'
 'e49edb62-f08e-4ddc-ad26-c1bed15f60d9']","0f8aa8ebfb90aaa521f8729d6eebd88a"
"e0908e3a059996366c190493e47922b1","['6c3d85e3-ed75-4a5b-82a6-671ff1be474a'
 '3b5eda0d-587d-44b0-84f7-8721a65f4cc1'
 '62714426-fea0-4d77-8b2f-133a0e563bc2']","e0908e3a059996366c190493e47922b1"
"560c1bc6f36029f367ef54b7a12138af",['e4695a63-7084-44cf-922e-be1801ac9e56'],"560c1bc6f36029f367ef54b7a12138af"
"84ff06dea81e5f41c6eb079567d55f16",['8bd050a0-36e0-4f86-92d4-b1f38b1203b4'],"84ff06dea81e5f41c6eb079567d55f16"
"4de94a9646e4fa0e3488ab9431283633",['fd6af6c5-d743-4ebf-b797-a4b1ad52359f'],"4de94a9646e4fa0e3488ab9431283633"
"7d4a6d64f3da1057d18a58518005274b","['5f27eb5c-01bb-4ba3-8850-94d047b9f15d'
 'a1c35b69-50f2-4556-bcba-d39724cea4d9']","7d4a6d64f3da1057d18a58518005274b"
"50a6b12300875b1d5702ab57bcc76adb",['2e840ee8-c88d-49c8-b0c9-b5e6dea7e9a4'],"50a6b12300875b1d5702ab57bcc76adb"
"0155a5af5c1988637b742a0797735194",['adea9332-e6c8-40ef-a386-0116801efaf8'],"0155a5af5c1988637b742a0797735194"
"202265b0fffd28a9b77f9e17d1fcc200",['67171613-9007-49d4-90c6-5c1c80892caf'],"202265b0fffd28a9b77f9e17d1fcc200"
"78c9461234ebe64ad91af16347b2afbd","['67479df8-72bc-4b91-a0a3-d1de2c180c97'
 'e4b00ed6-0dd9-48be-8b8f-5f6c6ea2f087']","78c9461234ebe64ad91af16347b2afbd"
"9e8879c44f400bef99b17abce60e5e94",['757a3e7a-c052-4db0-a227-0a6e65ecefe3'],"9e8879c44f400bef99b17abce60e5e94"
"a94ef355681ae5aeaab52a0ccc3bdf77","['f85264d4-c572-4dae-8c77-c52a15c206fd'
 '08a3bf9e-de80-4ebf-8273-23d91e390d0f'
 '8ae9f726-8219-4a68-92ac-879cdc853061']","a94ef355681ae5aeaab52a0ccc3bdf77"
"40935643bba261a08331db8f80b4daff","['4ae968de-84ac-464e-9025-5f6353b78c80'
 'b26bdd85-d8a0-48e3-b002-d9910169a46a']","40935643bba261a08331db8f80b4daff"
"75a02e1fa0218f727556374d01a40ae6","['7c4f8024-a5c5-46aa-8907-d474c67b8858'
 '6b125453-d5ae-4c27-af9a-802f7065dc87'
 'a75d5d5f-b614-4c92-bf5a-4a16351fc6ce']","75a02e1fa0218f727556374d01a40ae6"
"71d4b3f37fec86c606f4be10b449c8f8","['adfadc11-aba9-46f3-bb81-7540894a0dc3'
 '1a247f88-7deb-47c4-8c62-d61a5c8d750e']","71d4b3f37fec86c606f4be10b449c8f8"
"e9d3f68998cff4ee8aed538a49af5a55","['bb5b980c-b27d-4bfc-bc2c-1181986440ce'
 '5a890468-17a0-42dc-9bc7-10c12507a040']","e9d3f68998cff4ee8aed538a49af5a55"
"8844fa2234338bedbca82d8d3037e7d4",['dd370abe-32b3-47f9-b313-9535ac934279'],"8844fa2234338bedbca82d8d3037e7d4"
"7af789bc7cfb0baad062c01598795734","['c2920162-9ca9-46f7-8fc3-54e19bf64dbd'
 '71fcec86-0e09-44db-97cb-bc1852cb5700']","7af789bc7cfb0baad062c01598795734"
"e1eb7906abef0df477bcdf943f251619","['e86e2600-b065-41ae-9358-d5bb55ad6035'
 '09858be2-dacb-4dbb-bd07-c2c4f29b30f6']","e1eb7906abef0df477bcdf943f251619"
"52e9bb83e1dea49d72f739eff4157afb","['e9843313-4f55-4af2-897e-0e10c6850323'
 'a6cc835b-aa6a-4c25-b123-0da00ac79203'
 '400443c0-4e25-49f1-be25-3a76777a6e7a'
 '25aaec3b-1cd6-4ab4-bb99-c46d17d1fd2e'
 'cb50daeb-1dc8-46e9-abcc-32117f5df967']","52e9bb83e1dea49d72f739eff4157afb"
"22d82491004a265aac66747d702a75e4",['4b654dc7-134a-4456-9693-b2e5ad95dcb3'],"22d82491004a265aac66747d702a75e4"
"e94cfb8c395a24fbf6db9a2baed8c5d5",['d30af038-a788-4e65-a3f7-0138177cee73'],"e94cfb8c395a24fbf6db9a2baed8c5d5"
"cb848450d765573a20628fb40c1c5422",['6aaf7dbb-ff02-432d-9112-3bd3083b213b'],"cb848450d765573a20628fb40c1c5422"
"0bd73ffe9a13d46d48e9c6980b189c06","['2ae15919-d28d-41f0-b325-95eb99e88ba8'
 '3e9b70e9-4646-4b66-9892-38de6049c259']","0bd73ffe9a13d46d48e9c6980b189c06"
"dac97e22f33a54daa033288fefb7670a",['37c24b22-e6b0-4480-b8da-2187e944dab5'],"dac97e22f33a54daa033288fefb7670a"
"5a5098a7da5079c20d8cd8f4078f9f9f",['d3ac25fc-fa75-4c84-b8a0-767cecac4049'],"5a5098a7da5079c20d8cd8f4078f9f9f"
"93a3e213610179f15f67d6b97cb5d653",['7adf630c-083d-4c1c-a908-a8997dae4173'],"93a3e213610179f15f67d6b97cb5d653"
"3e7137a5586a37c27f0515f4775e12dd",['27d8f6bc-0e09-403a-9464-592db569b108'],"3e7137a5586a37c27f0515f4775e12dd"
"b811eb9222b8eeedce1c40b89e3bc016",['4279ea90-8714-48b3-8930-51f5f0603d28'],"b811eb9222b8eeedce1c40b89e3bc016"
"55c694e950262cc7801d636dbb928245",['dc23c030-48bb-420a-84d1-ddd288f36a29'],"55c694e950262cc7801d636dbb928245"
"5b2f0bf433bcfc972d553e0b74427aa7","['fa42a9bd-0d0e-49d2-8577-06a74cba74d9'
 '6a9ad9b1-bac6-4f5a-a6c6-13a1235d59cc'
 '388d6aa8-cf66-404f-a7c5-485caeb3d81b'
 '91672c03-0c66-470c-a20c-8875cad849e3'
 '39db89ed-91f7-481a-b79d-b68faae978e0'
 'c3117495-ce65-4c24-84a4-74330587cc76']","5b2f0bf433bcfc972d553e0b74427aa7"
"ea96ddadb47760fb6285d78ff43334d1",['167d369a-4f29-4c96-9b1a-d0b2a07da90c'],"ea96ddadb47760fb6285d78ff43334d1"
"100579c0649a951fa90b7a0391a7d23c","['7d62cad2-26ac-4387-8bf2-5cdd9512d193'
 'f826155a-4c2e-4f83-90d7-a32b8b402fee'
 '5276edea-1826-4bc1-8348-d82189699f58'
 '76a607c9-7b96-4520-993b-d4c5dbdcad77']","100579c0649a951fa90b7a0391a7d23c"
"199aaf11765d80d02409aaab8b691903",['9284c885-762c-4374-808e-7794813851ae'],"199aaf11765d80d02409aaab8b691903"
"c305e9f4ac1d42bec43a03d0bcb8a30e","['31abc748-78ee-4fd8-965a-c17c1cd5ab3f'
 'fe02e383-f6dd-43b3-92b9-c987c6a6680b']","c305e9f4ac1d42bec43a03d0bcb8a30e"
"cfb84af0b32b80838186149eee2b7617",['d039b856-4731-4621-88e3-62d019821a6d'],"cfb84af0b32b80838186149eee2b7617"
"fb27603a4f1a2d91a8945c606f9ec33a","['f2115af0-148a-4211-8f7d-bb04e26773e8'
 '3104981f-11d7-449b-86b7-b06338cb6632']","fb27603a4f1a2d91a8945c606f9ec33a"
"5745f5e4d87d8a641c08ff3c39924914","['c933dca2-da38-4775-82bb-f1fb487a7e08'
 '4a3ce3ce-65b1-42f8-805f-798acf3be1a3']","5745f5e4d87d8a641c08ff3c39924914"
"4e5d43d52ee94db71358bd3018506fed","['1cd05822-0da5-4e82-a89a-3cb1f0ae221e'
 'e6d9a14e-f79b-43ec-8558-79e187e13312']","4e5d43d52ee94db71358bd3018506fed"
"2c4f225a4026bac08c45411f5f164b08","['08ae8ff8-e1cc-4914-9b1d-b465554871b3'
 '32752055-5c02-4d69-8184-dcf033679bbf'
 'b3912540-3017-4ddb-b194-66a5ff73f65f']","2c4f225a4026bac08c45411f5f164b08"
"6f128a0a28b0677d871bbdd1920eed09","['3cf71981-32b5-43ea-b78f-52bcc4c7aacd'
 '01c84c8e-3fea-49ad-add2-e77a3744a9f8'
 '605528b5-7522-43eb-9691-0c4447df742d'
 '3b3e4940-ddf6-4453-afd3-be834d0f4228']","6f128a0a28b0677d871bbdd1920eed09"
"2e9c77aefcb96dfde90c451bba99ea10",['288994f4-bd7c-42d2-90b7-f593c068b634'],"2e9c77aefcb96dfde90c451bba99ea10"
"ab9239e37545bab393167cac4336ef7b","['9948e0ff-5106-44e0-994f-e2d20306c4a9'
 '5c305c48-9034-4f2e-8ef5-0b235537fa4a']","ab9239e37545bab393167cac4336ef7b"
"29750a46f9f48a342b820405acb02ca8",['0c31bbe5-f21c-425a-8c13-441deee0299d'],"29750a46f9f48a342b820405acb02ca8"
"77440a6dc67b414b93e032c60ac86fca",['5e97c66d-54ec-4abf-95db-91bb15bfad4d'],"77440a6dc67b414b93e032c60ac86fca"
"9843dda47d8fa4ee99109e43c28ae2c3",['51d07f85-e83d-421f-aa3b-5aae763bef9d'],"9843dda47d8fa4ee99109e43c28ae2c3"
"78ebb589250e60c469defdab2bfd42c0",['cbadea95-42e5-412f-bae4-323e3e360d23'],"78ebb589250e60c469defdab2bfd42c0"
"f18e64cf0b56da58916cf12abceef1dd","['d3792aa2-18dd-4d46-badd-a3141aa23b1b'
 '9e665a72-5a04-4e54-bfa2-0b56b4ec9b09'
 '77dec9b9-7033-4659-a2d3-8f8edad4bfb5']","f18e64cf0b56da58916cf12abceef1dd"
"12f624e00deebef43a41293851609f1d",['32c519ac-cbdb-4c7d-b1ef-75bfe3e2c55a'],"12f624e00deebef43a41293851609f1d"
"4d11c4b0dc5844f6a10fadd077fa6077",['abaa8b13-4998-4ba3-9ce0-edf54e5b2297'],"4d11c4b0dc5844f6a10fadd077fa6077"
"17dce7613a6c56003b6c2cd4b5074283","['e751eb04-9727-4499-97e1-ac4f4ad6fc1c'
 '913c0ac2-c68f-4642-960f-3d9cc2378083']","17dce7613a6c56003b6c2cd4b5074283"
"da0fc02ebeaa7d8a244815162b4bce1a","['feefd7e8-d496-426b-b3c2-3862d3aa7a80'
 'd0549507-bd6a-4092-9292-f82203969e1b']","da0fc02ebeaa7d8a244815162b4bce1a"
"5d4276addc2f2965b4d5be07d544a40c","['523d28f3-10fc-4ba3-a4c1-75493b4297a4'
 '0312dc2f-7201-49b8-9e04-66057aedb9cb']","5d4276addc2f2965b4d5be07d544a40c"
"3df7788c67d82eb373cc637094d93edd","['a99ccdba-e226-40be-9c6f-046bd1f722e1'
 'fe4f0070-4af0-482c-bcea-45cd930ac3e4']","3df7788c67d82eb373cc637094d93edd"
"ad2ff5cd62185a7e86d52e68285426d7","['57cc6b77-afbc-487e-bbf6-96b891939f48'
 'a21da485-00f3-41af-8831-150badd32d87']","ad2ff5cd62185a7e86d52e68285426d7"
"b8530184c3071c97429601a06820847b",['a0e97707-492e-4126-85f6-67bc34d606f2'],"b8530184c3071c97429601a06820847b"
"dfd98af875b627510a891c3d4e375775","['31fabb06-50f9-44fd-8621-5a85cb71fdc0'
 'ea959e08-b040-477d-ae72-1b7d9f8bd9a7'
 '4ac95101-12fb-4558-9205-68ab0337a930'
 '22bbb565-8914-4e1c-a891-25c1c52a22ba']","dfd98af875b627510a891c3d4e375775"
"dc7f8f92d980ce2b57ed53931cacfbb6",['b0dda58a-8880-49a0-ac42-9b3016b2ac03'],"dc7f8f92d980ce2b57ed53931cacfbb6"
"84aaa55c740cd0a46f92aaae2d4c4290",['e0606a47-71c8-461f-8e32-3c7d52ce3178'],"84aaa55c740cd0a46f92aaae2d4c4290"
