"text_unit_ids","entity_ids","id"
"72c428d19c253035db6c6e314742ef8c","['b45241d70f0e43fca764df95b2b81f77' '4119fd06010c494caa07f439b333f4c5'
 'd3835bf3dda84ead99deadbeac5d0d7d' '077d2820ae1845bcbb1803379a3d1eae']","72c428d19c253035db6c6e314742ef8c"
"008d65e4640a5208f1016c02bde466fa","['4119fd06010c494caa07f439b333f4c5' 'e7ffaee9d31d4d3c96e04f911d0a8f9e'
 '1eb829d0ace042089f0746f78729696c' '5f1fc373a8f34050a5f7dbd8ac852c1b'
 '6a1d83c9ce2b483dbd7de5ab3ae2487d']","008d65e4640a5208f1016c02bde466fa"
"0155a5af5c1988637b742a0797735194","['4119fd06010c494caa07f439b333f4c5' 'e7ffaee9d31d4d3c96e04f911d0a8f9e'
 '4a67211867e5464ba45126315a122a8a' '5ecf534a9ffe46e0b1c2144110c691c0'
 '8323efc8e539419e9ca3c98e758f6609' '3f1042452c254cecaf7189e89162adc8'
 'fd31d549420744d1bd1a6b1112a9a6ba' 'f7ab348030714072a277682b51f7c588'
 '2139b0906dc541e094138a978d070416' 'ff5466607e5d4453b1d833629292f664']","0155a5af5c1988637b742a0797735194"
"016f43c5ba92b8259d4a288f96a46817","['4119fd06010c494caa07f439b333f4c5' 'e7ffaee9d31d4d3c96e04f911d0a8f9e'
 '68105770b523412388424d984e711917' '14555b518e954637b83aa762dc03164e'
 'ed559fb4ebde45518849ec803b350fa3' 'f197d75f159943f8a3ff441199790bc7']","016f43c5ba92b8259d4a288f96a46817"
"01a44471658f608d573d20b284b08638","['4119fd06010c494caa07f439b333f4c5' 'c725babdb14a485582f8fbdf95429030'
 '4465efb7f6ed4dedad72a658184addd2']","01a44471658f608d573d20b284b08638"
"02d2277b6e803b3a6f72b3721eb23490","['4119fd06010c494caa07f439b333f4c5' 'e7ffaee9d31d4d3c96e04f911d0a8f9e'
 '66c3dffb7d7a4fa8bb6b48a22ca917a6' '6f3dd1fd6d7f4df4af0656ed0525c92e']","02d2277b6e803b3a6f72b3721eb23490"
"0318240c7b8fd392bf7ac9b77955c1bf","['4119fd06010c494caa07f439b333f4c5' 'e7ffaee9d31d4d3c96e04f911d0a8f9e'
 '31a7e680c4d54101afe4c8d52d246913']","0318240c7b8fd392bf7ac9b77955c1bf"
"040eeb0720e09da6eb2c8c738363f73b","['4119fd06010c494caa07f439b333f4c5' 'e7ffaee9d31d4d3c96e04f911d0a8f9e'
 '5ecf534a9ffe46e0b1c2144110c691c0']","040eeb0720e09da6eb2c8c738363f73b"
"07ee7a0c9129745b5e378841be05c2ae","['4119fd06010c494caa07f439b333f4c5' '077d2820ae1845bcbb1803379a3d1eae'
 '82b0446e7c9d4fc793f7b97f890e9049' 'c885166d0c454a748376b56279f96408'
 '586bccefb1e344289c1ee984e165de9c' 'eb01db8435554f2cbafe39a50f62f20a'
 'c8e706fbdc90420d952deed03c4f04b4' 'cf6115e69d6649cc99ef2bd11854ccfb'
 '1c16b22e18d3483b8d41b284754274e2' '0080f96708cd4054a5f0986ca86889f4'
 'e683130322ac47708a852a5e51abb7c5' '71a0a8c1beb64da08124205e9a803d98'
 'f84314943bee4c859c9a62f268c9c216']","07ee7a0c9129745b5e378841be05c2ae"
"084712776af45fb46dcf1027340a40b7","['4119fd06010c494caa07f439b333f4c5' 'e7ffaee9d31d4d3c96e04f911d0a8f9e'
 '5ecf534a9ffe46e0b1c2144110c691c0']","084712776af45fb46dcf1027340a40b7"
"0b7912396c8cde985ddee6dc17ec0d4f","['4119fd06010c494caa07f439b333f4c5' 'c9b8ce91fc2945b4907fe35519339cac'
 'fa3c4204421c48609e52c8de2da4c654' '53af055f068244d0ac861b2e89376495'
 'c03ab3ce8cb74ad2a03b94723bfab3c7']","0b7912396c8cde985ddee6dc17ec0d4f"
"0e6d1961c112676304a1c82938f647f0","['4119fd06010c494caa07f439b333f4c5' '077d2820ae1845bcbb1803379a3d1eae'
 '0fbcca3f17c649a08aea64b5a7d9ef36' '66cdf168f36d4a57a505028c97dc06e0'
 '4465efb7f6ed4dedad72a658184addd2' '9b3eef8f3a3a45e6873838db95295b8a'
 'b0b464bc92a541e48547fe9738378dab' '44c65dda6fb7472dae36f6eea720ab47'
 '5d97ff82691c4482973d73d1860e4757' '2567445079794d1e84f17abc48776002']","0e6d1961c112676304a1c82938f647f0"
"0ef90d46880110c9301c8eb4b21ebb44","['4119fd06010c494caa07f439b333f4c5' '077d2820ae1845bcbb1803379a3d1eae'
 '859dedcc3736439a8a563419f16cb3d8' '82b0446e7c9d4fc793f7b97f890e9049']","0ef90d46880110c9301c8eb4b21ebb44"
"0f8aa8ebfb90aaa521f8729d6eebd88a","['4119fd06010c494caa07f439b333f4c5' 'e7ffaee9d31d4d3c96e04f911d0a8f9e'
 '31a7e680c4d54101afe4c8d52d246913']","0f8aa8ebfb90aaa521f8729d6eebd88a"
"10c4087ea9328fcec618be8c8c72a545","['4119fd06010c494caa07f439b333f4c5' 'e7ffaee9d31d4d3c96e04f911d0a8f9e'
 '5ecf534a9ffe46e0b1c2144110c691c0' '4d183e7007624fcd98af96b9d752c16d'
 '718c507cb8ac49e6a35c251ac951b5ca' 'b45ef27279c043269b23b894461d7d8c']","10c4087ea9328fcec618be8c8c72a545"
"1170f02c4f72abe944971b085d7e2626","['4119fd06010c494caa07f439b333f4c5' 'e7ffaee9d31d4d3c96e04f911d0a8f9e'
 '1c5e296a5ac541c1b5cac4357537c22d' '5ecf534a9ffe46e0b1c2144110c691c0'
 'b1658adfa43847eabad1437db235e858' 'a1773cac7d4c4939aec965660e5015fe']","1170f02c4f72abe944971b085d7e2626"
"12d1f91e89d082920c89bcdd2f7660ec","['4119fd06010c494caa07f439b333f4c5' '5ecf534a9ffe46e0b1c2144110c691c0'
 '4d183e7007624fcd98af96b9d752c16d' 'dc94039d6643460ca3c66150b9087129']","12d1f91e89d082920c89bcdd2f7660ec"
"15e19a9eed9e792a37f0ad41d3a965bd","['4119fd06010c494caa07f439b333f4c5' '077d2820ae1845bcbb1803379a3d1eae'
 '599164aead034bc19446efacc77554d2' 'bbf148ae4d48422f8fdef754cfa2b9e4']","15e19a9eed9e792a37f0ad41d3a965bd"
"1a7a2ff68d41451fd234f3b95d8f9438","['4119fd06010c494caa07f439b333f4c5' 'e7ffaee9d31d4d3c96e04f911d0a8f9e'
 '1c5e296a5ac541c1b5cac4357537c22d' '5ecf534a9ffe46e0b1c2144110c691c0']","1a7a2ff68d41451fd234f3b95d8f9438"
"1b7afcab69384f4109d8537750df26a0","['4119fd06010c494caa07f439b333f4c5' '077d2820ae1845bcbb1803379a3d1eae'
 'f7e11b0e297a44a896dc67928368f600' 'dbe9063124d047dc8d6fcaeadcda038f'
 'c885166d0c454a748376b56279f96408']","1b7afcab69384f4109d8537750df26a0"
"1cd97c98e1c0d5f114e9004dbdea93ea","['4119fd06010c494caa07f439b333f4c5' 'e7ffaee9d31d4d3c96e04f911d0a8f9e'
 'adffed660d154b519c1817e514e83096' '5ecf534a9ffe46e0b1c2144110c691c0'
 'df40ad480a3c47299a6c8fad05349304' '8fba1fea719d49d380ac2d9c310d68b3']","1cd97c98e1c0d5f114e9004dbdea93ea"
"1d3c82fc7b0630a6c46863b979a2af4c","['4119fd06010c494caa07f439b333f4c5' 'e7ffaee9d31d4d3c96e04f911d0a8f9e'
 'f7e11b0e297a44a896dc67928368f600' '96aad7cb4b7d40e9b7e13b94a67af206'
 'c9632a35146940c2a86167c7726d35e9']","1d3c82fc7b0630a6c46863b979a2af4c"
"1dc33c657628dd4ef956950e220b70da","['4119fd06010c494caa07f439b333f4c5' 'e7ffaee9d31d4d3c96e04f911d0a8f9e'
 '57b8930790c34dcba4a32c6be703ed78' 'ecdc1020b10e49ca869d399825e16fa3'
 '0d8fde01d7234726a00d7e73e2e01d66']","1dc33c657628dd4ef956950e220b70da"
"1fb6362cb4b546e723baef4dcb5c1be5","['4119fd06010c494caa07f439b333f4c5' 'e7ffaee9d31d4d3c96e04f911d0a8f9e'
 'cbe1a41a82aa4f268e8264568b25938f' '28e7639f55ce464c8a080cbb2c745fa2'
 '3f3a2d7aa1294116814f0b4d89baa23d' '3073b33926bd4f33807ffa3befacefaf']","1fb6362cb4b546e723baef4dcb5c1be5"
"202265b0fffd28a9b77f9e17d1fcc200","['4119fd06010c494caa07f439b333f4c5' 'e7ffaee9d31d4d3c96e04f911d0a8f9e'
 '5ecf534a9ffe46e0b1c2144110c691c0' '71f95003936e46a98d90757ffd845d40']","202265b0fffd28a9b77f9e17d1fcc200"
"20e0df85ac24e24c4e87ae59c728636a","['4119fd06010c494caa07f439b333f4c5' 'e7ffaee9d31d4d3c96e04f911d0a8f9e'
 '1c5e296a5ac541c1b5cac4357537c22d' '5ecf534a9ffe46e0b1c2144110c691c0']","20e0df85ac24e24c4e87ae59c728636a"
"2416bbdc682287235364cc5dcf3b768c","['4119fd06010c494caa07f439b333f4c5' '077d2820ae1845bcbb1803379a3d1eae'
 '460295fed3ae4cd39f9f274cec9c2506' '553b285bba60460ab1ed8341ae61282b'
 'cec95bf17e7e4c939b56c9c6f402a29f']","2416bbdc682287235364cc5dcf3b768c"
"241ba511a6b267992f84019bcafa5146","['4119fd06010c494caa07f439b333f4c5' '077d2820ae1845bcbb1803379a3d1eae'
 'd91a266f766b4737a06b0fda588ba40b' '82b0446e7c9d4fc793f7b97f890e9049'
 'dbe9063124d047dc8d6fcaeadcda038f']","241ba511a6b267992f84019bcafa5146"
"25fe70f4e78e841093d4e470427c5217","['4119fd06010c494caa07f439b333f4c5' 'e7ffaee9d31d4d3c96e04f911d0a8f9e'
 '23becf8c6fca4f47a53ec4883d4bf63f' 'd0ffa3bcd1234258953ff4956d19f561']","25fe70f4e78e841093d4e470427c5217"
"26827ec7b673b1b365b796c999c26d3c","['4119fd06010c494caa07f439b333f4c5' '015e7b58d1a14b44beab3bbc9f912c18'
 '26f88ab3e2e04c33a459ad6270ade565' 'babe97e1d9784cffa1c85abc1e588126'
 '1033a18c45aa4584b2aef6ab96890351']","26827ec7b673b1b365b796c999c26d3c"
"26952620749ea86364db720687c3f0b2","['4119fd06010c494caa07f439b333f4c5' '077d2820ae1845bcbb1803379a3d1eae'
 'fd9cb733b28d420cb5cef01e545a132c' '0fbcca3f17c649a08aea64b5a7d9ef36'
 '482027a59f32484c9c44fd700615c1b6']","26952620749ea86364db720687c3f0b2"
"27b41eca87bd22a28604791bb17dbdbc","['4119fd06010c494caa07f439b333f4c5' '586bccefb1e344289c1ee984e165de9c'
 'a2201b8753ba4847ab0b22054e27d2c0' 'b5ecd0553dd742f5813c9b855d548a41'
 '89b2003e97804961805ea1886d078ebd' '6dd7f5f6b4544271a97f6a136f82fc3d']","27b41eca87bd22a28604791bb17dbdbc"
"29750a46f9f48a342b820405acb02ca8","['4119fd06010c494caa07f439b333f4c5' '077d2820ae1845bcbb1803379a3d1eae'
 '6102fc6619ed422ebc42588bfa97355d' '7f85b181f1184f77aeb3ea2155cf4027']","29750a46f9f48a342b820405acb02ca8"
"2b16421c02f2ac235ddc41778b2e16f2","['4119fd06010c494caa07f439b333f4c5' 'e7ffaee9d31d4d3c96e04f911d0a8f9e'
 '81869985b45a4fefbbbb23ea118a3de4' '42b8584c5a874eb08fbd61f0c18f3ca0'
 '824d93d9840a4b7c8b1f31bc6816b497' 'ccb335166f6c4564ac1c61549d8ded50'
 'cbe1a41a82aa4f268e8264568b25938f' '28e7639f55ce464c8a080cbb2c745fa2'
 '3f3a2d7aa1294116814f0b4d89baa23d' '3073b33926bd4f33807ffa3befacefaf']","2b16421c02f2ac235ddc41778b2e16f2"
"2bac8cd2c646865c07a176576b25a409","['4119fd06010c494caa07f439b333f4c5' '5ecf534a9ffe46e0b1c2144110c691c0'
 '7e0d14ca308b4796bdc675a64bd3a36e' '50e512a5dbe941f5af68bfdf74b1c3c0'
 'edc717747e904728b57185f5013461f9']","2bac8cd2c646865c07a176576b25a409"
"2bd9d64dccdbf2ad7cb29afe2ccc3479","['4119fd06010c494caa07f439b333f4c5' 'e7ffaee9d31d4d3c96e04f911d0a8f9e'
 '5ecf534a9ffe46e0b1c2144110c691c0' '92646910ee624bd7909fac2b5c0232e3'
 '05913bee89a94bca88449249e35ba74d' '57b8930790c34dcba4a32c6be703ed78']","2bd9d64dccdbf2ad7cb29afe2ccc3479"
"2bef9f2520b250df2955e1148e863a15","['4119fd06010c494caa07f439b333f4c5' 'e7ffaee9d31d4d3c96e04f911d0a8f9e'
 '3b040bcc19f14e04880ae52881a89c1c' '31a7e680c4d54101afe4c8d52d246913'
 '57b8930790c34dcba4a32c6be703ed78' 'e8868920e21b4431aad16e86db977ecb'
 'aea3378bfff842e5b3f4b7a4b55b3879' 'd562223c17d948bf98e34b4d97dde932'
 'cde2d75c51d245879265b79d14b8699b' '44594467054849d4a1fadb46ddd51641'
 '2918130221f94f4387da049b647bfe6a' 'fd139ac75b0e4777ab67b7423eaaa37f'
 'a701c349eb7142d48ba7efad89caf9d2' 'e5d40a1b17f74b1db5d18279caedb04a'
 'de25d06733d04385825ee082792f5e52' '32f6f11a7845416b8c6eb9fb0b382140']","2bef9f2520b250df2955e1148e863a15"
"2c3ae7491cabfdc2946c79ea584fb1ca","['4119fd06010c494caa07f439b333f4c5' 'e7ffaee9d31d4d3c96e04f911d0a8f9e'
 'b07a7f088364459098cd8511ff27a4c8' '4d183e7007624fcd98af96b9d752c16d']","2c3ae7491cabfdc2946c79ea584fb1ca"
"2c4f225a4026bac08c45411f5f164b08","['4119fd06010c494caa07f439b333f4c5' 'e7ffaee9d31d4d3c96e04f911d0a8f9e'
 'c1b40a4039b44061a358e098867f7412' '81446ea789b24eaf9eab02dc07c3d984'
 '79f4b1c1b2be4cf7aa828846e20a4eb6' 'de04830d6e414fd5b39a9e90769d9452'
 '69db426b97714835bf4937180774787a' '9c7bc862339d4a5bb21ee5154d9b33bb'
 '17bad53a0ebe4569839e5e151ff78593' '53d98f08e7c74158b7318357b6c660b3']","2c4f225a4026bac08c45411f5f164b08"
"2ca4dd87df7a7297bd3a223b08f539bd","['4119fd06010c494caa07f439b333f4c5' 'e7ffaee9d31d4d3c96e04f911d0a8f9e'
 'd91a266f766b4737a06b0fda588ba40b' '68105770b523412388424d984e711917'
 'b4e4fa2e3dfc46e68d532d659b18d17d' 'f58813d090b947a48c1b4614b92c3ec3'
 '30a251bc3d04430d82b5a1a98c7b8c75' '93e1d19f9bfa4c6b8962d56d10ea9483'
 '8046335ba70b434aa3188392a746fd78' '5c02b1ab32064c64a0f8b27b219e358a'
 'c5f77ba0c261408780db3d50346f16b7']","2ca4dd87df7a7297bd3a223b08f539bd"
"2d8598614a3b2a6df74b101ab9d9f3db","['4119fd06010c494caa07f439b333f4c5' 'e7ffaee9d31d4d3c96e04f911d0a8f9e'
 '1c5e296a5ac541c1b5cac4357537c22d' 'ab3a5a6713244fd595a1ace978c3d960']","2d8598614a3b2a6df74b101ab9d9f3db"
"2e9c77aefcb96dfde90c451bba99ea10","['4119fd06010c494caa07f439b333f4c5' 'e7ffaee9d31d4d3c96e04f911d0a8f9e'
 '1fd3fa8bb5a2408790042ab9573779ee' 'ea2b28ca1a974ffab4517811dc1d1e5c'
 'aff21f1da1654e7babdcf3fb0e4a75fc' '7f85b181f1184f77aeb3ea2155cf4027'
 'd148b2b2033048618f1a090a492a40a5' '4d839a10353e4144a26563b0966721d5'
 '521a862bb196488389f17c0b0f4b6f4d']","2e9c77aefcb96dfde90c451bba99ea10"
"3405d57ce2cb8930da5dfb2d59f15ce1","['4119fd06010c494caa07f439b333f4c5' '077d2820ae1845bcbb1803379a3d1eae'
 'f7e11b0e297a44a896dc67928368f600' '43544b99c3b04b059546198a0ae6366d'
 '6731a665561840c2898ce8c9788e4c88' '4026806fa92f4e849a59a7f5c9a45c79'
 '68e0c60d2e8845d89d9d0ad397833648' '101572f552b54e529fe7765c05168981']","3405d57ce2cb8930da5dfb2d59f15ce1"
"3df7788c67d82eb373cc637094d93edd","['4119fd06010c494caa07f439b333f4c5' '077d2820ae1845bcbb1803379a3d1eae'
 'e7ffaee9d31d4d3c96e04f911d0a8f9e' 'cd58a8740ba54d86a77db9bb9544ef0d'
 'e96d3475d43b42a781b297ae7e650afe' '1ce76a5547854d458878bd445f0ccbd6']","3df7788c67d82eb373cc637094d93edd"
"3f8b6d62e8bb7c6f21608de7fea4ba02","['4119fd06010c494caa07f439b333f4c5' 'e7ffaee9d31d4d3c96e04f911d0a8f9e'
 '5ecf534a9ffe46e0b1c2144110c691c0' 'ab3a5a6713244fd595a1ace978c3d960'
 '8323efc8e539419e9ca3c98e758f6609' 'e744c118ae7f4638a01d060bbaedd6e9'
 '63fba9a7c47a4f14ac0bee6bc90d0fea' '6bfc2395b4f54a528a1ebac94a43acb8']","3f8b6d62e8bb7c6f21608de7fea4ba02"
"40935643bba261a08331db8f80b4daff","['4119fd06010c494caa07f439b333f4c5' 'e7ffaee9d31d4d3c96e04f911d0a8f9e'
 '1c5e296a5ac541c1b5cac4357537c22d' '5ecf534a9ffe46e0b1c2144110c691c0'
 '57b8930790c34dcba4a32c6be703ed78' 'ffa128c9c0c84d39bad1bba8cfa4adc5']","40935643bba261a08331db8f80b4daff"
"43fe3eabe57a1961a64491c86cb08d67","['4119fd06010c494caa07f439b333f4c5' 'e7ffaee9d31d4d3c96e04f911d0a8f9e'
 '3b6cd96a27304614850709aba1c9598b' '100c2fccd7f74d9281707082f062ba72'
 'e19287afe00a431f9a593a4827d1b448']","43fe3eabe57a1961a64491c86cb08d67"
"4a056777579e17ab8df83067d9738864","['4119fd06010c494caa07f439b333f4c5' 'e7ffaee9d31d4d3c96e04f911d0a8f9e'
 '1eb829d0ace042089f0746f78729696c' 'fa14b16c17e3417dba5a4b473ea5b18d']","4a056777579e17ab8df83067d9738864"
"4afd356aec4d6f5d391159dd033f2e2b","['4119fd06010c494caa07f439b333f4c5' 'e7ffaee9d31d4d3c96e04f911d0a8f9e'
 '8323efc8e539419e9ca3c98e758f6609' '1b893f24eb98477aad6ce49c0f26737e'
 '6573bc2af4f94596a3f4452a602d6fc4' '0dddcca0e5df4b16bc03a51a2d2d8e16'
 'df40ad480a3c47299a6c8fad05349304' 'fe98fb197d294b0b837aee8d5a98dfb1']","4afd356aec4d6f5d391159dd033f2e2b"
"4b2c53355f86a10ae990338ebcb9c1cf","['4119fd06010c494caa07f439b333f4c5' '04dbbb2283b845baaeac0eaf0c34c9da'
 'ab3a5a6713244fd595a1ace978c3d960' '57b8930790c34dcba4a32c6be703ed78'
 'a39b72f8921f43ef8ef295c7cc8f7294']","4b2c53355f86a10ae990338ebcb9c1cf"
"4d28b35e2fd1fe04534b8fe505fb07cc","['4119fd06010c494caa07f439b333f4c5' 'adf4ee3fbe9b4d0381044838c4f889c8'
 '80a04aa18cd649d584292f23b10c0727' '4e9ca18ccc1d4527a3bc035d07f5e162'
 '5564257e89f1428486a64fcf52f49490' '9d7a563b3b2d405092c31f1fe08cff77'
 '4a75a9f0b18a48bea9c0601c0fc395c4']","4d28b35e2fd1fe04534b8fe505fb07cc"
"4de94a9646e4fa0e3488ab9431283633","['4119fd06010c494caa07f439b333f4c5' 'e7ffaee9d31d4d3c96e04f911d0a8f9e'
 '5ecf534a9ffe46e0b1c2144110c691c0']","4de94a9646e4fa0e3488ab9431283633"
"4e5d43d52ee94db71358bd3018506fed","['4119fd06010c494caa07f439b333f4c5' 'e7ffaee9d31d4d3c96e04f911d0a8f9e'
 '3ce7c210a21b4deebad7cc9308148d86' 'c2d48b75af6a4d7989ccf9eceabd934e'
 'e8868920e21b4431aad16e86db977ecb' '9d98dece22eb401aa1a5ce9c88c603f0']","4e5d43d52ee94db71358bd3018506fed"
"508ac5faa042c00b4881fdb044ec22a1","['4119fd06010c494caa07f439b333f4c5' 'e7ffaee9d31d4d3c96e04f911d0a8f9e'
 '5ecf534a9ffe46e0b1c2144110c691c0']","508ac5faa042c00b4881fdb044ec22a1"
"50a6b12300875b1d5702ab57bcc76adb","['4119fd06010c494caa07f439b333f4c5' 'e7ffaee9d31d4d3c96e04f911d0a8f9e'
 '5ecf534a9ffe46e0b1c2144110c691c0' '39d31f770cf740e78d526a2e1101a1db'
 'e7b103a52e384e3e8bf14105223e7e82']","50a6b12300875b1d5702ab57bcc76adb"
"542e71d7d8d24c707e8aa684ca847c38","['4119fd06010c494caa07f439b333f4c5' 'e7ffaee9d31d4d3c96e04f911d0a8f9e'
 '5c02b1ab32064c64a0f8b27b219e358a' '453ecf5476f64f4a8d5020b95baf1314']","542e71d7d8d24c707e8aa684ca847c38"
"556b05eca1c1694a4f7ac7a9aeef4d13","['4119fd06010c494caa07f439b333f4c5' 'e7ffaee9d31d4d3c96e04f911d0a8f9e'
 '1c5e296a5ac541c1b5cac4357537c22d' '5ecf534a9ffe46e0b1c2144110c691c0']","556b05eca1c1694a4f7ac7a9aeef4d13"
"560c1bc6f36029f367ef54b7a12138af","['4119fd06010c494caa07f439b333f4c5' 'e7ffaee9d31d4d3c96e04f911d0a8f9e'
 '5ecf534a9ffe46e0b1c2144110c691c0']","560c1bc6f36029f367ef54b7a12138af"
"5a23cb91ee6aebebc216620b08be0d41","['4119fd06010c494caa07f439b333f4c5' '31a7e680c4d54101afe4c8d52d246913'
 '351abba16e5c448994c6daf48121b14d' '50ea7d3b69614bcdbfbff7ddbfbf3d34'
 '004f40a5aeca48a1879db728eb12bcba' '4465efb7f6ed4dedad72a658184addd2']","5a23cb91ee6aebebc216620b08be0d41"
"5a24be5be62e4c2b6089680d85a28bb2","['4119fd06010c494caa07f439b333f4c5' 'e7ffaee9d31d4d3c96e04f911d0a8f9e'
 'd99eabad5dfd47278692569d2a9395b1' 'd53f15cb7f7845de91cc44ad44ff9f6e']","5a24be5be62e4c2b6089680d85a28bb2"
"5a8cea5cfd5efda0dd2fbcb18978cfd4","['4119fd06010c494caa07f439b333f4c5' 'e7ffaee9d31d4d3c96e04f911d0a8f9e'
 '5ecf534a9ffe46e0b1c2144110c691c0']","5a8cea5cfd5efda0dd2fbcb18978cfd4"
"5aba713d34cf47d3a146255cb3b5584a","['4119fd06010c494caa07f439b333f4c5' '077d2820ae1845bcbb1803379a3d1eae'
 '3b6cd96a27304614850709aba1c9598b' '1eb829d0ace042089f0746f78729696c'
 'de61b2670999433f807a6a1dc2b81e43' '3e95dacfe57b4d57b5da4310ef2e157f'
 '1f1545308e9347af91fd03b94aadc21f' '6ea81acaf232485e94fff638e03336e1']","5aba713d34cf47d3a146255cb3b5584a"
"5bdccd63cc7c923ee576d653cc4f83b7","['4119fd06010c494caa07f439b333f4c5' '077d2820ae1845bcbb1803379a3d1eae'
 'e7ffaee9d31d4d3c96e04f911d0a8f9e' 'd64ed762ea924caa95c8d06f072a9a96']","5bdccd63cc7c923ee576d653cc4f83b7"
"5ffa0e4028e6f5fb5d36d31c7b6baac1","['4119fd06010c494caa07f439b333f4c5' '3c063eea52e94164b70c99431ea30bae'
 '252cc8452bfc4c2aa58cab68d8b61879' '7e2c84548fb94ee395ba8588d8f2a006']","5ffa0e4028e6f5fb5d36d31c7b6baac1"
"635eabb30b2c974b48872e2656108042","['4119fd06010c494caa07f439b333f4c5' 'e7ffaee9d31d4d3c96e04f911d0a8f9e'
 'b999ed77e19e4f85b7f1ae79af5c002a']","635eabb30b2c974b48872e2656108042"
"662a878337a29f5a913958b8546c3eb5","['4119fd06010c494caa07f439b333f4c5' 'e7ffaee9d31d4d3c96e04f911d0a8f9e'
 '48c0c4d72da74ff5bb926fa0c856d1a7' '4f3c97517f794ebfb49c4c6315f9cf23']","662a878337a29f5a913958b8546c3eb5"
"670d5b8f163e15e36907bb41ad7fb981","['4119fd06010c494caa07f439b333f4c5' '3b040bcc19f14e04880ae52881a89c1c'
 '3d6b216c14354332b1bf1927ba168986' '1c109cfdc370463eb6d537e5b7b382fb'
 '3d0dcbc8971b415ea18065edc4d8c8ef' '68105770b523412388424d984e711917']","670d5b8f163e15e36907bb41ad7fb981"
"6715eef1712e0d946549e6681a259bd0","['4119fd06010c494caa07f439b333f4c5' '077d2820ae1845bcbb1803379a3d1eae'
 'adf4ee3fbe9b4d0381044838c4f889c8' '32ee140946e5461f9275db664dc541a5'
 'c160b9cb27d6408ba6ab20214a2f3f81']","6715eef1712e0d946549e6681a259bd0"
"6b7528cd9ea8d789abe3c8ea558e0abe","['4119fd06010c494caa07f439b333f4c5' 'e7ffaee9d31d4d3c96e04f911d0a8f9e'
 'a80c7c98c0b647f8b9f6f8cc09168e44']","6b7528cd9ea8d789abe3c8ea558e0abe"
"6b7d7bef02fe471453e86ff1551c6a7a","['4119fd06010c494caa07f439b333f4c5' 'e7ffaee9d31d4d3c96e04f911d0a8f9e'
 '68105770b523412388424d984e711917' '482027a59f32484c9c44fd700615c1b6'
 '5dabc4cd05da425cb194a04482bf0c29']","6b7d7bef02fe471453e86ff1551c6a7a"
"6f664b027f5136242609cc38adf527b1","['4119fd06010c494caa07f439b333f4c5' 'e7ffaee9d31d4d3c96e04f911d0a8f9e'
 '1eb829d0ace042089f0746f78729696c']","6f664b027f5136242609cc38adf527b1"
"71d4b3f37fec86c606f4be10b449c8f8","['4119fd06010c494caa07f439b333f4c5' 'e7ffaee9d31d4d3c96e04f911d0a8f9e'
 '1c5e296a5ac541c1b5cac4357537c22d']","71d4b3f37fec86c606f4be10b449c8f8"
"72ef77d14fd5f7379a4d83d84a21217c","['4119fd06010c494caa07f439b333f4c5' 'e7ffaee9d31d4d3c96e04f911d0a8f9e'
 '3b6cd96a27304614850709aba1c9598b' '5d3344f45e654d2c808481672f2f08dd'
 '31499ee6277a4d71b19cb5b6be554c69' 'd99eabad5dfd47278692569d2a9395b1']","72ef77d14fd5f7379a4d83d84a21217c"
"75a02e1fa0218f727556374d01a40ae6","['4119fd06010c494caa07f439b333f4c5' 'e7ffaee9d31d4d3c96e04f911d0a8f9e'
 '1c5e296a5ac541c1b5cac4357537c22d']","75a02e1fa0218f727556374d01a40ae6"
"77440a6dc67b414b93e032c60ac86fca","['4119fd06010c494caa07f439b333f4c5' '077d2820ae1845bcbb1803379a3d1eae'
 '3ce7c210a21b4deebad7cc9308148d86' 'b0dd60e11dad4ff782623acf039b3948'
 'aa2ec452728a4703ae1bdabe85b6c079']","77440a6dc67b414b93e032c60ac86fca"
"777d349ff472a2c8dff56fdc417e9ad6","['4119fd06010c494caa07f439b333f4c5' 'e7ffaee9d31d4d3c96e04f911d0a8f9e'
 'a80c7c98c0b647f8b9f6f8cc09168e44' '2d66a15939294d21b83b3e277f0a4e46']","777d349ff472a2c8dff56fdc417e9ad6"
"78c9461234ebe64ad91af16347b2afbd","['4119fd06010c494caa07f439b333f4c5' 'e7ffaee9d31d4d3c96e04f911d0a8f9e'
 '5ecf534a9ffe46e0b1c2144110c691c0' 'bada987ea7da4c939393ee1c3d08ccd4'
 'd0a274e7934d446fb91847bb53a961a6' '0a799eab61bc4e6b884db6689f9c2c4a'
 '8c34cd494a63438dac219c1dc0f73100' 'c6f428af0c5e4f629902fd5455bf19ac']","78c9461234ebe64ad91af16347b2afbd"
"78ebb589250e60c469defdab2bfd42c0","['4119fd06010c494caa07f439b333f4c5' 'e7ffaee9d31d4d3c96e04f911d0a8f9e'
 '3ce7c210a21b4deebad7cc9308148d86' '07d8eeb549044ac88d2e788c146a0ef1']","78ebb589250e60c469defdab2bfd42c0"
"7af789bc7cfb0baad062c01598795734","['4119fd06010c494caa07f439b333f4c5' 'e7ffaee9d31d4d3c96e04f911d0a8f9e'
 '1c5e296a5ac541c1b5cac4357537c22d']","7af789bc7cfb0baad062c01598795734"
"7b3ffa4aa3640fab05df340f23773806","['4119fd06010c494caa07f439b333f4c5' 'e7ffaee9d31d4d3c96e04f911d0a8f9e'
 '57b8930790c34dcba4a32c6be703ed78']","7b3ffa4aa3640fab05df340f23773806"
"7c816fbd38dc2ec7d29db9c8f19bc5c6","['4119fd06010c494caa07f439b333f4c5' 'e7ffaee9d31d4d3c96e04f911d0a8f9e'
 '1c5e296a5ac541c1b5cac4357537c22d' '5ecf534a9ffe46e0b1c2144110c691c0']","7c816fbd38dc2ec7d29db9c8f19bc5c6"
"7d4a6d64f3da1057d18a58518005274b","['4119fd06010c494caa07f439b333f4c5' 'e7ffaee9d31d4d3c96e04f911d0a8f9e'
 '5ecf534a9ffe46e0b1c2144110c691c0']","7d4a6d64f3da1057d18a58518005274b"
"7e108a1f0876a82e34633eee74f96309","['4119fd06010c494caa07f439b333f4c5' 'e7ffaee9d31d4d3c96e04f911d0a8f9e'
 'df40ad480a3c47299a6c8fad05349304' '453ecf5476f64f4a8d5020b95baf1314'
 'dddb831546354e088d29aebd154e3a31' '711ba818354546cea69f1532b92a2f26']","7e108a1f0876a82e34633eee74f96309"
"7f0880f07529079291b15cc45b96a2de","['4119fd06010c494caa07f439b333f4c5' 'e7ffaee9d31d4d3c96e04f911d0a8f9e'
 'd91a266f766b4737a06b0fda588ba40b' 'deece7e64b2a4628850d4bb6e394a9c3'
 'e657b5121ff8456b9a610cfaead8e0cb' 'bf4e255cdac94ccc83a56435a5e4b075']","7f0880f07529079291b15cc45b96a2de"
"811e2aea35222d79c8ab2b4e1682750c","['4119fd06010c494caa07f439b333f4c5' '077d2820ae1845bcbb1803379a3d1eae'
 'f034618dde7948beb6dab30176d0fc87' 'eebcc7ec8e3e4df7aea83659bbdc2199'
 'ceadf262ef834e9ab146b20650912cae' '7f65feab75424b53b24470d305ba331a'
 'fd9cb733b28d420cb5cef01e545a132c']","811e2aea35222d79c8ab2b4e1682750c"
"81dfed839bbb088d66ed74faafa95382","['4119fd06010c494caa07f439b333f4c5' 'e7ffaee9d31d4d3c96e04f911d0a8f9e'
 'df40ad480a3c47299a6c8fad05349304' '8fba1fea719d49d380ac2d9c310d68b3'
 '532da08f04f645708e747c57e9c4ee05']","81dfed839bbb088d66ed74faafa95382"
"8317f7c931427b74d2356951f0383b72","['4119fd06010c494caa07f439b333f4c5' 'e7ffaee9d31d4d3c96e04f911d0a8f9e'
 '5ecf534a9ffe46e0b1c2144110c691c0']","8317f7c931427b74d2356951f0383b72"
"84d2fded9e5586dd584e403e106085ca","['4119fd06010c494caa07f439b333f4c5' '3b6cd96a27304614850709aba1c9598b'
 'bef16fb5fd7344cca5e295b13ef3e0cd' 'ef00ec3a324f4f5986141401002af3f6']","84d2fded9e5586dd584e403e106085ca"
"84ff06dea81e5f41c6eb079567d55f16","['4119fd06010c494caa07f439b333f4c5' 'e7ffaee9d31d4d3c96e04f911d0a8f9e'
 '254770028d7a4fa9877da4ba0ad5ad21']","84ff06dea81e5f41c6eb079567d55f16"
"8524d4a8759107a21626d3501c4724e2","['4119fd06010c494caa07f439b333f4c5' 'e7ffaee9d31d4d3c96e04f911d0a8f9e'
 '5ecf534a9ffe46e0b1c2144110c691c0' '2fbd74d5ccca4be99c5257b3ac95cfba']","8524d4a8759107a21626d3501c4724e2"
"8574f3834cc035915cdfb9d2eedd0dc1","['4119fd06010c494caa07f439b333f4c5' '3671ea0dd4e84c1a9b02c5ab2c8f4bac'
 '19a7f254a5d64566ab5cc15472df02de' 'e7ffaee9d31d4d3c96e04f911d0a8f9e'
 'f7e11b0e297a44a896dc67928368f600' '1fd3fa8bb5a2408790042ab9573779ee']","8574f3834cc035915cdfb9d2eedd0dc1"
"85866d97200f421b7d8eaa3b9663908c","['4119fd06010c494caa07f439b333f4c5' 'e7ffaee9d31d4d3c96e04f911d0a8f9e'
 '1c5e296a5ac541c1b5cac4357537c22d']","85866d97200f421b7d8eaa3b9663908c"
"8778f2e1feedb2a804f63de12dfc56b3","['4119fd06010c494caa07f439b333f4c5' 'e7ffaee9d31d4d3c96e04f911d0a8f9e'
 'd91a266f766b4737a06b0fda588ba40b' 'bc0e3f075a4c4ebbb7c7b152b65a5625']","8778f2e1feedb2a804f63de12dfc56b3"
"8844fa2234338bedbca82d8d3037e7d4","['4119fd06010c494caa07f439b333f4c5' 'e7ffaee9d31d4d3c96e04f911d0a8f9e'
 '1c5e296a5ac541c1b5cac4357537c22d']","8844fa2234338bedbca82d8d3037e7d4"
"8a315092dad843d4bcaf2d09091fb3be","['4119fd06010c494caa07f439b333f4c5' 'e7ffaee9d31d4d3c96e04f911d0a8f9e'
 'de9e343f2e334d88a8ac7f8813a915e5' 'e2bf260115514fb3b252fd879fb3e7be'
 'b462b94ce47a4b8c8fffa33f7242acec' '17ed1d92075643579a712cc6c29e8ddb'
 '3ce7c210a21b4deebad7cc9308148d86']","8a315092dad843d4bcaf2d09091fb3be"
"8b34a2b22abe94c075872bb4ab06d253","['4119fd06010c494caa07f439b333f4c5' 'e7ffaee9d31d4d3c96e04f911d0a8f9e'
 '3138f39f2bcd43a69e0697cd3b05bc4d' '0adb2d9941f34ef7b2f7743cc6225844'
 '929f30875e1744b49e7b416eaf5a790c' '4920fda031804ce8a1073ace8e061ed6'
 '4b8aa4587c7344adac2cbfa69d5e40fa' '52701d941dfb45359693baae8f267056']","8b34a2b22abe94c075872bb4ab06d253"
"8fbade2505b0850c4038ba4b0b013b29","['4119fd06010c494caa07f439b333f4c5' 'e7ffaee9d31d4d3c96e04f911d0a8f9e'
 '5ecf534a9ffe46e0b1c2144110c691c0' 'feb9ddd0ac2949178f26a36949aa5422']","8fbade2505b0850c4038ba4b0b013b29"
"92e60b810f5507e207306d25d04c0814","['4119fd06010c494caa07f439b333f4c5' 'e7ffaee9d31d4d3c96e04f911d0a8f9e'
 '6102fc6619ed422ebc42588bfa97355d' '23becf8c6fca4f47a53ec4883d4bf63f'
 '0ec262c2cfef4dd581f3655e5e496e31' '100c2fccd7f74d9281707082f062ba72']","92e60b810f5507e207306d25d04c0814"
"9843dda47d8fa4ee99109e43c28ae2c3","['4119fd06010c494caa07f439b333f4c5' '077d2820ae1845bcbb1803379a3d1eae'
 'e7ffaee9d31d4d3c96e04f911d0a8f9e' '3d0dcbc8971b415ea18065edc4d8c8ef'
 '3ce7c210a21b4deebad7cc9308148d86' 'c2d48b75af6a4d7989ccf9eceabd934e'
 'c5ddb31e0a9c4b2683e4631283dd505b']","9843dda47d8fa4ee99109e43c28ae2c3"
"99db7b89b640a0c2570b3bb8e21f43f7","['4119fd06010c494caa07f439b333f4c5' 'e7ffaee9d31d4d3c96e04f911d0a8f9e'
 '5ecf534a9ffe46e0b1c2144110c691c0' '4d183e7007624fcd98af96b9d752c16d']","99db7b89b640a0c2570b3bb8e21f43f7"
"9a19753353f40064a6811288ab2c7556","['4119fd06010c494caa07f439b333f4c5' 'e7ffaee9d31d4d3c96e04f911d0a8f9e'
 '3b6cd96a27304614850709aba1c9598b' 'b0dd60e11dad4ff782623acf039b3948'
 'c1a146d7fb16429ea6d0aa2a55ee597f' 'c79d686eba044c5586c706cdc096817d'
 '378fc7636eeb4aabbfd40995a6960c64' 'f2c06f3a0c704296bf3353b91ee8af47']","9a19753353f40064a6811288ab2c7556"
"9be6b5fd2c5d01ecc07636596864b95e","['4119fd06010c494caa07f439b333f4c5' 'e7ffaee9d31d4d3c96e04f911d0a8f9e'
 '43c3390303c6476cb65f584e37c3e81c']","9be6b5fd2c5d01ecc07636596864b95e"
"9e8879c44f400bef99b17abce60e5e94","['4119fd06010c494caa07f439b333f4c5' '5ecf534a9ffe46e0b1c2144110c691c0'
 'd1fd271d16c348019c2fcced762b35a2']","9e8879c44f400bef99b17abce60e5e94"
"9ea072a756077acc1c0b5f1c59da3857","['4119fd06010c494caa07f439b333f4c5' 'e7ffaee9d31d4d3c96e04f911d0a8f9e'
 '96aad7cb4b7d40e9b7e13b94a67af206' '9646481f66ce4fd2b08c2eddda42fc82']","9ea072a756077acc1c0b5f1c59da3857"
"9ec3183997e9b53cecc3d69523d6c509","['4119fd06010c494caa07f439b333f4c5' 'e7ffaee9d31d4d3c96e04f911d0a8f9e'
 'b07a7f088364459098cd8511ff27a4c8' '5ecf534a9ffe46e0b1c2144110c691c0'
 'a2b1621a3e424ae29a6a73f00edbeca3']","9ec3183997e9b53cecc3d69523d6c509"
"a94ef355681ae5aeaab52a0ccc3bdf77","['4119fd06010c494caa07f439b333f4c5' 'e7ffaee9d31d4d3c96e04f911d0a8f9e'
 '5ecf534a9ffe46e0b1c2144110c691c0' '39d31f770cf740e78d526a2e1101a1db']","a94ef355681ae5aeaab52a0ccc3bdf77"
"a9baed6c1234760eb79ab79ad2e3c4b8","['4119fd06010c494caa07f439b333f4c5' '077d2820ae1845bcbb1803379a3d1eae'
 '6102fc6619ed422ebc42588bfa97355d' 'b0e6cfd979ea48b997019b059999d3c2']","a9baed6c1234760eb79ab79ad2e3c4b8"
"ab9239e37545bab393167cac4336ef7b","['4119fd06010c494caa07f439b333f4c5' '077d2820ae1845bcbb1803379a3d1eae'
 '1fd3fa8bb5a2408790042ab9573779ee' '7f85b181f1184f77aeb3ea2155cf4027'
 '22ea3328fb6343f4ad2862495ea27640' '3f9a2a2c1c0a424e8b4980ea9d48bdbe']","ab9239e37545bab393167cac4336ef7b"
"aca5193f0679c6672a279110869b8758",['4119fd06010c494caa07f439b333f4c5' 'e2f5735c7d714423a2c4f61ca2644626'],"aca5193f0679c6672a279110869b8758"
"ad2ff5cd62185a7e86d52e68285426d7","['4119fd06010c494caa07f439b333f4c5' '077d2820ae1845bcbb1803379a3d1eae'
 'e96d3475d43b42a781b297ae7e650afe' '1ce76a5547854d458878bd445f0ccbd6'
 '11e4325f59394ff1bc89892f79288702']","ad2ff5cd62185a7e86d52e68285426d7"
"bdac16159b60ffb7d6f9ffa4bc2f87d1","['4119fd06010c494caa07f439b333f4c5' 'e7ffaee9d31d4d3c96e04f911d0a8f9e'
 'e657b5121ff8456b9a610cfaead8e0cb' '5ecf534a9ffe46e0b1c2144110c691c0'
 '50e512a5dbe941f5af68bfdf74b1c3c0' 'edc717747e904728b57185f5013461f9']","bdac16159b60ffb7d6f9ffa4bc2f87d1"
"c129c0bc6ccf3512f0165c48e1049069","['4119fd06010c494caa07f439b333f4c5' 'e7ffaee9d31d4d3c96e04f911d0a8f9e'
 '453ecf5476f64f4a8d5020b95baf1314' '6a054cb59fb44cf494b93988b5f88833']","c129c0bc6ccf3512f0165c48e1049069"
"c2ad2384fcd7d5fb0deb4af86a9380ba","['4119fd06010c494caa07f439b333f4c5' '077d2820ae1845bcbb1803379a3d1eae'
 'c885166d0c454a748376b56279f96408' '586bccefb1e344289c1ee984e165de9c'
 'c8e706fbdc90420d952deed03c4f04b4' 'cf6115e69d6649cc99ef2bd11854ccfb']","c2ad2384fcd7d5fb0deb4af86a9380ba"
"c4a15b4c2991a5c14031f996e99ba460","['4119fd06010c494caa07f439b333f4c5' 'a542fd7aed7341468028928937ea2983'
 '1c5e296a5ac541c1b5cac4357537c22d']","c4a15b4c2991a5c14031f996e99ba460"
"c7090e265fb62a1c444aee9773b4bea3","['4119fd06010c494caa07f439b333f4c5' 'e7ffaee9d31d4d3c96e04f911d0a8f9e'
 '9c980dfe3cab44b7a83408405edab0b6' 'f23484b1b45d44c3b7847e1906dddd37'
 '929f30875e1744b49e7b416eaf5a790c']","c7090e265fb62a1c444aee9773b4bea3"
"c9391913bcbf6c8ce05f702658ff0f0f","['4119fd06010c494caa07f439b333f4c5' '6102fc6619ed422ebc42588bfa97355d'
 '5d3344f45e654d2c808481672f2f08dd' '60c58026b2764b40adffca6eaa31d6d9'
 'ad1595a78935472999444c9330e7730e']","c9391913bcbf6c8ce05f702658ff0f0f"
"ca5a65939fc04c9d28026d5c955aa877","['4119fd06010c494caa07f439b333f4c5' 'e7ffaee9d31d4d3c96e04f911d0a8f9e'
 '96aad7cb4b7d40e9b7e13b94a67af206' '5ecf534a9ffe46e0b1c2144110c691c0'
 'ec45e1c400654c4f875046926486ded7' '047cd93e9d704c7d8dadb6e79f9458df']","ca5a65939fc04c9d28026d5c955aa877"
"cbed4d4646f17080ba6330956c14d83f","['4119fd06010c494caa07f439b333f4c5' 'e7ffaee9d31d4d3c96e04f911d0a8f9e'
 '1c5e296a5ac541c1b5cac4357537c22d' '5ecf534a9ffe46e0b1c2144110c691c0'
 '8323efc8e539419e9ca3c98e758f6609' '1cce5cebf437428eb1a60dffbdfa603f']","cbed4d4646f17080ba6330956c14d83f"
"cbf4462f3611d64fd6ecf0ba54555a49","['4119fd06010c494caa07f439b333f4c5' 'e7ffaee9d31d4d3c96e04f911d0a8f9e'
 '0d8fde01d7234726a00d7e73e2e01d66' '9c4bd60958fd4e09a6d5b9e2ab163b5a'
 '39d31f770cf740e78d526a2e1101a1db' '9d282b2250f7408888504f1f93c202a8'
 'c063484895794a0eaae1b0ff070ad4c9']","cbf4462f3611d64fd6ecf0ba54555a49"
"ccde189789ac67cba39855daf5e2899d","['4119fd06010c494caa07f439b333f4c5' '9f5adbeb6cf04f089abe78d86cfa6aba'
 'efb6350e65964659bc20396c0166b296' 'e095cc36da784300b27c6f8c60a96440'
 'c68893ca39d74ba08c6eb138f24441e1' '472b23bb92834173b4118d101040c726'
 '81869985b45a4fefbbbb23ea118a3de4' '42b8584c5a874eb08fbd61f0c18f3ca0'
 '824d93d9840a4b7c8b1f31bc6816b497' 'f209a808f1f04a5699601e672f4abd06']","ccde189789ac67cba39855daf5e2899d"
"cfb84af0b32b80838186149eee2b7617","['4119fd06010c494caa07f439b333f4c5' '32e6ccab20d94029811127dbbe424c64'
 'f78b01b0d93948c283644ec58f7be74a' '8dbe8f9867e4448f998416c18923eac4']","cfb84af0b32b80838186149eee2b7617"
"d03a5be917279f47816e4c9711cc5798","['4119fd06010c494caa07f439b333f4c5' '3671ea0dd4e84c1a9b02c5ab2c8f4bac'
 'e7ffaee9d31d4d3c96e04f911d0a8f9e' '1943f245ee4243bdbfbd2fd619ae824a'
 '273daeec8cad41e6b3e450447db58ee7' 'e69dc259edb944ea9ea41264b9fcfe59']","d03a5be917279f47816e4c9711cc5798"
"d2e04ee9d1cdefef4e95bc5b34b0dbfb","['4119fd06010c494caa07f439b333f4c5' 'e7ffaee9d31d4d3c96e04f911d0a8f9e'
 'fa3c4204421c48609e52c8de2da4c654' '0fbcca3f17c649a08aea64b5a7d9ef36'
 'b0b464bc92a541e48547fe9738378dab' '44c65dda6fb7472dae36f6eea720ab47'
 '4da4ef951ff340f1a3dd679de4be3341' '2f05fcce857e4a499ca4e89a3cefbcb3']","d2e04ee9d1cdefef4e95bc5b34b0dbfb"
"da0fc02ebeaa7d8a244815162b4bce1a","['4119fd06010c494caa07f439b333f4c5' '077d2820ae1845bcbb1803379a3d1eae'
 'c2d48b75af6a4d7989ccf9eceabd934e' '186e60d2176547bf84e5bf87bd16bb40'
 'e65017091c8d4c7daa45b6c8414e0465' 'a0f326b9597b49dda6563e9208316117']","da0fc02ebeaa7d8a244815162b4bce1a"
"dc7f8f92d980ce2b57ed53931cacfbb6","['4119fd06010c494caa07f439b333f4c5' '11e4325f59394ff1bc89892f79288702'
 '80e3ce3de41e4601823a333e22b7bb3f' '5197a3fb02ef4677abd1900aa87e4efa'
 '887f444240bb474da23cdfb6abf7a998' '5d29053f2ce74442aa1855b327ef3bb7']","dc7f8f92d980ce2b57ed53931cacfbb6"
"e0908e3a059996366c190493e47922b1","['4119fd06010c494caa07f439b333f4c5' 'e7ffaee9d31d4d3c96e04f911d0a8f9e'
 '5ecf534a9ffe46e0b1c2144110c691c0']","e0908e3a059996366c190493e47922b1"
"e1eb7906abef0df477bcdf943f251619","['4119fd06010c494caa07f439b333f4c5' 'ed559fb4ebde45518849ec803b350fa3'
 '4d183e7007624fcd98af96b9d752c16d' '058f66cc356b43cc9433bd3c8d57fa46'
 'ff74091eaba246698fcae59c21eec828' 'f6cbbf1b8f4b48a28a16e4dd8976b9bb']","e1eb7906abef0df477bcdf943f251619"
"e799020bd4ed9106a95fb5715fef0d57","['4119fd06010c494caa07f439b333f4c5' 'e7ffaee9d31d4d3c96e04f911d0a8f9e'
 '482027a59f32484c9c44fd700615c1b6' '4465efb7f6ed4dedad72a658184addd2'
 'b0dd60e11dad4ff782623acf039b3948' 'db8c43fa4df947b09e5754d3b1393ead']","e799020bd4ed9106a95fb5715fef0d57"
"e87ce9ead619379b75f606b5ed62c8d4","['4119fd06010c494caa07f439b333f4c5' '077d2820ae1845bcbb1803379a3d1eae'
 '5c41f96be13e49dba649454297834546' '599164aead034bc19446efacc77554d2'
 'de61b2670999433f807a6a1dc2b81e43']","e87ce9ead619379b75f606b5ed62c8d4"
"e8c68c9c41b007f2d476c4e03df49815","['4119fd06010c494caa07f439b333f4c5' '2670deebfa3f4d69bb82c28ab250a209'
 '1745a2485a9443bab76587ad650e9be0' '32e6ccab20d94029811127dbbe424c64'
 '94a964c6992945ebb3833dfdfdc8d655' '1eb829d0ace042089f0746f78729696c'
 '015e7b58d1a14b44beab3bbc9f912c18']","e8c68c9c41b007f2d476c4e03df49815"
"e9282c280e5ee6794e75e1642753c546","['4119fd06010c494caa07f439b333f4c5' '077d2820ae1845bcbb1803379a3d1eae'
 'f034618dde7948beb6dab30176d0fc87' '5c41f96be13e49dba649454297834546'
 '7ea4afbf8a264f29af29950ce98105ba' '91ff849d12b24574b0691dbddf44968b']","e9282c280e5ee6794e75e1642753c546"
"e9920413a3f5993720991dcdf41c4f86","['4119fd06010c494caa07f439b333f4c5' 'e7ffaee9d31d4d3c96e04f911d0a8f9e'
 '31a7e680c4d54101afe4c8d52d246913']","e9920413a3f5993720991dcdf41c4f86"
"e996589ad5cee0c543ed988a77081773","['4119fd06010c494caa07f439b333f4c5' '077d2820ae1845bcbb1803379a3d1eae'
 '5c41f96be13e49dba649454297834546' '36084a9fab53433493f079e97e68bf65']","e996589ad5cee0c543ed988a77081773"
"e9d3f68998cff4ee8aed538a49af5a55","['4119fd06010c494caa07f439b333f4c5' 'e7ffaee9d31d4d3c96e04f911d0a8f9e'
 '1eb829d0ace042089f0746f78729696c' '1c5e296a5ac541c1b5cac4357537c22d'
 '5ecf534a9ffe46e0b1c2144110c691c0']","e9d3f68998cff4ee8aed538a49af5a55"
"eab95c5e8ff4164dcfcbe12e60dd94ce","['4119fd06010c494caa07f439b333f4c5' 'f7e11b0e297a44a896dc67928368f600'
 '27f9fbe6ad8c4a8b9acee0d3596ed57c' 'e1fd0e904a53409aada44442f23a51cb'
 'de988724cfdf45cebfba3b13c43ceede']","eab95c5e8ff4164dcfcbe12e60dd94ce"
"ec821b7ffc72d74c237ed12d21aba6f3",['4119fd06010c494caa07f439b333f4c5' '3cf0ab4cf14e47ddabd49d500a3dc488'],"ec821b7ffc72d74c237ed12d21aba6f3"
"efa0f2467e6242170a2d90a14385554e","['4119fd06010c494caa07f439b333f4c5' 'e7ffaee9d31d4d3c96e04f911d0a8f9e'
 '5ecf534a9ffe46e0b1c2144110c691c0' '57b8930790c34dcba4a32c6be703ed78'
 '838c4498bc3c437f8d65428b580766a2']","efa0f2467e6242170a2d90a14385554e"
"f18e64cf0b56da58916cf12abceef1dd","['4119fd06010c494caa07f439b333f4c5' 'e7ffaee9d31d4d3c96e04f911d0a8f9e'
 '3ce7c210a21b4deebad7cc9308148d86' 'c1a146d7fb16429ea6d0aa2a55ee597f'
 '3076f330d121489aa50964ce54a3b1ac' '07d8eeb549044ac88d2e788c146a0ef1'
 '47df2815030c4f1c99facd5cf2482526' 'ae521508bdc244f99c4fce4ab5214c79']","f18e64cf0b56da58916cf12abceef1dd"
"f2b9a3e3b16a5ef347d9b801f0c92955","['4119fd06010c494caa07f439b333f4c5' '077d2820ae1845bcbb1803379a3d1eae'
 '3b6cd96a27304614850709aba1c9598b' 'fa3c4204421c48609e52c8de2da4c654'
 '0fbcca3f17c649a08aea64b5a7d9ef36' 'b0b464bc92a541e48547fe9738378dab'
 'ba481175ee1d4329bf07757a30abd3a1' '8d8da35190bf43c5878fa38f3eb4f3d2'
 '2fb7e14a3f124526bd7b24867fc18e81' '5c13c7d61e6c4bfe839f21e7ad3530a7'
 'a621663edba64d99b7e50f1e53f32ee7' '42be4e140061482ea509dd3e26189480'
 '4da4ef951ff340f1a3dd679de4be3341']","f2b9a3e3b16a5ef347d9b801f0c92955"
"f6c425bdd3bdadaa7f7b65901b875aa6","['4119fd06010c494caa07f439b333f4c5' '5ecf534a9ffe46e0b1c2144110c691c0'
 '91407be8c3e54e23918d3a7183d962db' '3831134696584d83bbf676a6b3bfa8f9']","f6c425bdd3bdadaa7f7b65901b875aa6"
"fb27603a4f1a2d91a8945c606f9ec33a","['4119fd06010c494caa07f439b333f4c5' 'bef16fb5fd7344cca5e295b13ef3e0cd'
 '0ee7db2c6bea4630ba9f0c25e8a967ad' 'fe8ea8bf1395434393e04e8f7a33025f'
 '7d58b089bfc549e8951e91ad62541119' '1fa6d3118bd846c8837b5fa9fb78f262']","fb27603a4f1a2d91a8945c606f9ec33a"
"fe67ca15be08a6b00a245e63131b8a03","['4119fd06010c494caa07f439b333f4c5' '077d2820ae1845bcbb1803379a3d1eae'
 'c79d686eba044c5586c706cdc096817d' '0f70db1e598d463fbbcdd1e288bd9490'
 'b35c3d1a7daa4924b6bdb58bc69c354d']","fe67ca15be08a6b00a245e63131b8a03"
"fe776e2fb42accc6008bfd9f9c017855","['4119fd06010c494caa07f439b333f4c5' 'adf4ee3fbe9b4d0381044838c4f889c8'
 'eebcc7ec8e3e4df7aea83659bbdc2199' '23becf8c6fca4f47a53ec4883d4bf63f'
 '0ec262c2cfef4dd581f3655e5e496e31' '80a04aa18cd649d584292f23b10c0727'
 '4e9ca18ccc1d4527a3bc035d07f5e162' '5564257e89f1428486a64fcf52f49490'
 'd9779c41e3c74fe0b26e23822a4b995b' '9d7a563b3b2d405092c31f1fe08cff77'
 '225105a7be14447cb03186bd40756059' 'efce8a9d61254447a26aee99e53f0398'
 '4a75a9f0b18a48bea9c0601c0fc395c4']","fe776e2fb42accc6008bfd9f9c017855"
"fed1b4e2531fa3c89795c65da306e3cf","['4119fd06010c494caa07f439b333f4c5' 'e7ffaee9d31d4d3c96e04f911d0a8f9e'
 '254770028d7a4fa9877da4ba0ad5ad21' '4a67211867e5464ba45126315a122a8a'
 '04dbbb2283b845baaeac0eaf0c34c9da']","fed1b4e2531fa3c89795c65da306e3cf"
"fef9c649ce6a269e3527f9c73e29aceb","['4119fd06010c494caa07f439b333f4c5' 'e7ffaee9d31d4d3c96e04f911d0a8f9e'
 'ceadf262ef834e9ab146b20650912cae' '482027a59f32484c9c44fd700615c1b6'
 'de837ff3d626451282ff6ac77a82216d']","fef9c649ce6a269e3527f9c73e29aceb"
"ff5db536458a8abf6a70a74408c4dfec","['4119fd06010c494caa07f439b333f4c5' 'e7ffaee9d31d4d3c96e04f911d0a8f9e'
 '3b6cd96a27304614850709aba1c9598b' '6102fc6619ed422ebc42588bfa97355d'
 '1c5e296a5ac541c1b5cac4357537c22d' '5ecf534a9ffe46e0b1c2144110c691c0'
 '8323efc8e539419e9ca3c98e758f6609' 'ae1fe1c014c54ec4bcdf10dbdaed5068'
 '92646910ee624bd7909fac2b5c0232e3']","ff5db536458a8abf6a70a74408c4dfec"
"078f14bae4d779e6ad5fad23e7f2ea43","['077d2820ae1845bcbb1803379a3d1eae' 'd136b08d586d488f9e4188b524c85a29'
 '7ab5d53a872f4dfc98f3d386879f3c75' 'af1d0fec22114a3398b8016f5225f9ed']","078f14bae4d779e6ad5fad23e7f2ea43"
"0bd73ffe9a13d46d48e9c6980b189c06","['077d2820ae1845bcbb1803379a3d1eae' 'f127fc4d87f94794be89134406ba0694'
 'e3f1098c3d984bc7b5f30b9c0101f7a6' '24b4a5f4db67418cbfa08c5316f0ab51'
 'e4b707e3e6964197855b82fc66ef59e7' '109b8be5a8ee4180a1465cd23f019d7b']","0bd73ffe9a13d46d48e9c6980b189c06"
"199aaf11765d80d02409aaab8b691903","['077d2820ae1845bcbb1803379a3d1eae' '8130a1a82bde46048952cf147690e630'
 'bac51e00d486420c8e91e824d8e17411' 'b7cd9a62710849778fdadced0d754687'
 '432a6b4962544200949421a96a405142' 'd6700b360ac141d282cdb567414bf4ce']","199aaf11765d80d02409aaab8b691903"
"1dab4da3dc6ce428ca1f1aff6469071c","['077d2820ae1845bcbb1803379a3d1eae' 'de6fa24480894518ab3cbcb66f739266'
 '404309e89a5241d6bff42c05a45df206' 'b785a9025069417f94950ad231bb1441']","1dab4da3dc6ce428ca1f1aff6469071c"
"22d82491004a265aac66747d702a75e4","['077d2820ae1845bcbb1803379a3d1eae' 'ff95eb0d5f7f49b782027d5c7ae3c3fe'
 '086da554db5b4ad5806aedeb0024197c' '216ee8a907a0466a88b27f8ada19ffa0'
 '6fefb317687d4ac98efe39a52f3e190f' '320d9d91238948a8be67972ccceab878'
 'bdcbcccadd474b3bbe9a8f56c811bab4']","22d82491004a265aac66747d702a75e4"
"35f219c5349bc5c6b800b555b7325333","['077d2820ae1845bcbb1803379a3d1eae' '82b0446e7c9d4fc793f7b97f890e9049'
 '8169efeea3ce473d9fd2f1c688126a1c']","35f219c5349bc5c6b800b555b7325333"
"4df4c580b88edb58280040957d2b13c5","['077d2820ae1845bcbb1803379a3d1eae' 'f7e11b0e297a44a896dc67928368f600'
 '9ed7e3d187b94ab0a90830b17d66615e' 'b4c7432f712849d7aba9dccbb77471ef']","4df4c580b88edb58280040957d2b13c5"
"5745f5e4d87d8a641c08ff3c39924914","['077d2820ae1845bcbb1803379a3d1eae' '3ce7c210a21b4deebad7cc9308148d86'
 '0ee7db2c6bea4630ba9f0c25e8a967ad' '62c65bbae33c4ee9a21b61f6f454c4b4'
 '30b7034c4468473f98ee18d00ee73b33' '00f78b85e5b84999a810e311e540037b'
 '3e460d9f011d4b0b9ccaae7b6a5202de']","5745f5e4d87d8a641c08ff3c39924914"
"5b166187db4b621cb91cbcabbfbd460b","['077d2820ae1845bcbb1803379a3d1eae' '82b0446e7c9d4fc793f7b97f890e9049'
 '8169efeea3ce473d9fd2f1c688126a1c']","5b166187db4b621cb91cbcabbfbd460b"
"66cc93ab286227e785be2cd8302cab77","['077d2820ae1845bcbb1803379a3d1eae' 'c885166d0c454a748376b56279f96408'
 'a2201b8753ba4847ab0b22054e27d2c0' 'b5ecd0553dd742f5813c9b855d548a41'
 '89b2003e97804961805ea1886d078ebd' 'b232fb0f2ac14790b931d1e7fcddd8ad']","66cc93ab286227e785be2cd8302cab77"
"6aebc820a4158d720b76fe99d4786e12","['077d2820ae1845bcbb1803379a3d1eae' '17ed1d92075643579a712cc6c29e8ddb'
 '0fbcca3f17c649a08aea64b5a7d9ef36' 'b35c3d1a7daa4924b6bdb58bc69c354d'
 'a97e2ecd870944cfbe71c79bc0fcc752' '3e1b063bbfa9423d84e50311296d2f3c'
 '9a8ce816ee954bdabd01ea2081538009' '09f18f81442d4d6d93a90f0fac683f9b'
 'e02be3e37ca0454883a4c1fd859c24bb' '6e0c81bef5364c988b21bf9b709d9861']","6aebc820a4158d720b76fe99d4786e12"
"8247eaabe8d0db4fc1c5828f95e413ff","['077d2820ae1845bcbb1803379a3d1eae' 'e7ffaee9d31d4d3c96e04f911d0a8f9e'
 '9b3eef8f3a3a45e6873838db95295b8a' '392be891f8b649fabdc20e7bf549f669']","8247eaabe8d0db4fc1c5828f95e413ff"
"82f6df8c73c78cf4fd7eed0d4e5e77b7","['077d2820ae1845bcbb1803379a3d1eae' 'b07a7f088364459098cd8511ff27a4c8'
 '8870cf2b5df64d2cab5820f67e29b9f1' 'cd130938a2844050be991af70baf5ee0']","82f6df8c73c78cf4fd7eed0d4e5e77b7"
"8a22d1ed78856814aba3794bf1b450aa","['077d2820ae1845bcbb1803379a3d1eae' 'd91a266f766b4737a06b0fda588ba40b'
 '8870cf2b5df64d2cab5820f67e29b9f1']","8a22d1ed78856814aba3794bf1b450aa"
"a7afffd39fb1e0380ea66d364f749532","['077d2820ae1845bcbb1803379a3d1eae' '351abba16e5c448994c6daf48121b14d'
 '222f0ea8a5684123a7045986640ec844' '668cf1fdfd644d39acc6350b86117ea2'
 '478e4c72d8fb46dd8cc9f0691c9878fd' '82b0446e7c9d4fc793f7b97f890e9049']","a7afffd39fb1e0380ea66d364f749532"
"ac4cec82c21d6c2b8c5e2e9b3be742b8","['077d2820ae1845bcbb1803379a3d1eae' 'd136b08d586d488f9e4188b524c85a29'
 '8870cf2b5df64d2cab5820f67e29b9f1' '422433aa45804c7ebb973b2fafce5da6'
 '86505bca739d4bccaaa1a8e0f3baffdc' '1af9faf341e14a5bbf4ddc9080e8dc0b']","ac4cec82c21d6c2b8c5e2e9b3be742b8"
"b8530184c3071c97429601a06820847b","['077d2820ae1845bcbb1803379a3d1eae' 'f7e11b0e297a44a896dc67928368f600'
 'fdc954b454744820804d7798f3e0b5de' 'ccb335166f6c4564ac1c61549d8ded50'
 '71743537a07c440ea1710a269da8b538' '1389192ce5464be6b3b5749bc9536709']","b8530184c3071c97429601a06820847b"
"cb848450d765573a20628fb40c1c5422","['077d2820ae1845bcbb1803379a3d1eae' '320d9d91238948a8be67972ccceab878'
 'c8e5d3afdcb54c8589e280f0c4a87417' 'f3d30627e19245649e497ab49bf0fa30'
 'e3f1098c3d984bc7b5f30b9c0101f7a6']","cb848450d765573a20628fb40c1c5422"
"cde81b63c0352bb90b98015501a3b422","['077d2820ae1845bcbb1803379a3d1eae' 'e7ffaee9d31d4d3c96e04f911d0a8f9e'
 'd91a266f766b4737a06b0fda588ba40b' '9b3eef8f3a3a45e6873838db95295b8a'
 '496f17c2f74244c681db1b23c7a39c0c' '82b0446e7c9d4fc793f7b97f890e9049'
 'c2d48b75af6a4d7989ccf9eceabd934e' '5f1fc373a8f34050a5f7dbd8ac852c1b']","cde81b63c0352bb90b98015501a3b422"
"dac97e22f33a54daa033288fefb7670a","['077d2820ae1845bcbb1803379a3d1eae' '49f771e31a0c4b35bc39e389f3623509'
 'aa946d4379694a74ba0da37e69d2810a' '268446fc52a54fd2837f73aeb3e0b74f']","dac97e22f33a54daa033288fefb7670a"
"e5fa74b405fb017d2cffb093ab477001","['077d2820ae1845bcbb1803379a3d1eae' '8870cf2b5df64d2cab5820f67e29b9f1'
 '43544b99c3b04b059546198a0ae6366d' 'a671bf7fea2f4514b6e96ba99127fafd'
 '525f41ea20274a05af4e52b625b473f3' '071a416efbec4f0886c19ac68f6d43cb']","e5fa74b405fb017d2cffb093ab477001"
"eac76d5cf62bdb175682def4193cbc29","['077d2820ae1845bcbb1803379a3d1eae' 'f7e11b0e297a44a896dc67928368f600'
 'fdc954b454744820804d7798f3e0b5de' 'f9005e5c01b44bb489f7112322fd1162'
 '33b9e826af3f43838c07c847b6349497']","eac76d5cf62bdb175682def4193cbc29"
"fb91f31375af53453d052fdff50f6187","['077d2820ae1845bcbb1803379a3d1eae' '17ed1d92075643579a712cc6c29e8ddb'
 '9b3eef8f3a3a45e6873838db95295b8a' '6768339b54084020aec27adcef8994ff'
 'f09f381c319f4251847d1a4bb8cdcac1' 'eec11f567e7f4943b157c3a657eb9a46']","fb91f31375af53453d052fdff50f6187"
"38dd0921ac731174a59ec6e94eeab28b","['3671ea0dd4e84c1a9b02c5ab2c8f4bac' '015e7b58d1a14b44beab3bbc9f912c18'
 '5c41f96be13e49dba649454297834546' 'd136b08d586d488f9e4188b524c85a29'
 '86505bca739d4bccaaa1a8e0f3baffdc' '353d91abc68648639d65a549e59b5cf3'
 '7ce637e4f35b42e3a9f8272cab69cd22' '4d999d7744b04a998475f8f8531589f0'
 '9a6f414210e14841a5b0e661aedc898d' 'db541b7260974db8bac94e953009f60e'
 'f2ff8044718648e18acef16dd9a65436' '00d785e7d76b47ec81b508e768d40584'
 '87915637da3e474c9349bd0ae604bd95' '8f1eba29f39e411188200bf0d14628ec'
 '7282c73622b8408e97289d959faff483' '3deb220d31f74103aa44870a36a63220']","38dd0921ac731174a59ec6e94eeab28b"
"10955923af33dd58454b796b2da93d07","['e7ffaee9d31d4d3c96e04f911d0a8f9e' 'd136b08d586d488f9e4188b524c85a29'
 '6090e736374d45fd84f0e4610a314f8f' '0e8d921ccd8d4a8594b65b7fd19f7120'
 '59c726a8792d443e84ab052cb7942b4a' '4f2c665decf242b0bfcaf7350b0e02ed'
 '66cdf168f36d4a57a505028c97dc06e0']","10955923af33dd58454b796b2da93d07"
"13526d7718fb859960383037dbbaf4e4","['e7ffaee9d31d4d3c96e04f911d0a8f9e' '3b6cd96a27304614850709aba1c9598b'
 'd0ffa3bcd1234258953ff4956d19f561' 'ac41b77ba33c4c84877eb425aba03aa1'
 '5d3184dabfd647a5a7e565f72c60ff24']","13526d7718fb859960383037dbbaf4e4"
"16e0ed7f7ab6b92d2c5616655df1ed00","['e7ffaee9d31d4d3c96e04f911d0a8f9e' '57b8930790c34dcba4a32c6be703ed78'
 '5c4d8a8f9c104176b87d2bfdf04ae0bd' '5a781604f1fb4719b730f43f534627f6'
 'ecdc1020b10e49ca869d399825e16fa3']","16e0ed7f7ab6b92d2c5616655df1ed00"
"17dce7613a6c56003b6c2cd4b5074283","['e7ffaee9d31d4d3c96e04f911d0a8f9e' 'adf4ee3fbe9b4d0381044838c4f889c8'
 '07d8eeb549044ac88d2e788c146a0ef1' '8ea7cef407df48098046551e303e1c64']","17dce7613a6c56003b6c2cd4b5074283"
"1b7754026ba47eeb65fc0fbd78b1c0f7","['e7ffaee9d31d4d3c96e04f911d0a8f9e' '5ecf534a9ffe46e0b1c2144110c691c0'
 '4d8890c699684c9381105b03b0b41b03']","1b7754026ba47eeb65fc0fbd78b1c0f7"
"21e832b2ab519ad1e3a8ac46ab4842fe","['e7ffaee9d31d4d3c96e04f911d0a8f9e' '3b6cd96a27304614850709aba1c9598b'
 '7c49f2710e8b4d3b8dc9310834406ea5' '9d08f285a7be4c79b8f359c51d51db37'
 'adffed660d154b519c1817e514e83096' 'b7e9c9ef572c445a9574ca571e41fb96'
 'dcb9f281cd6248c699e0ebb285a42a5e' '072cdee531b74513984f49d99a8d64a0']","21e832b2ab519ad1e3a8ac46ab4842fe"
"26aeb6f00d5522b71f5210e7e66a2cb7","['e7ffaee9d31d4d3c96e04f911d0a8f9e' 'f7e11b0e297a44a896dc67928368f600'
 '3b6cd96a27304614850709aba1c9598b' 'de837ff3d626451282ff6ac77a82216d'
 '38f51478f41f48db9bee570859b6f43e' '896d2a51e8de47de85ba8ced108c3d53'
 '14555b518e954637b83aa762dc03164e' 'b1f6164116d44fe8b8f135d7f65b9e58']","26aeb6f00d5522b71f5210e7e66a2cb7"
"2a4dfba4750588906f2098f45d6ef795","['e7ffaee9d31d4d3c96e04f911d0a8f9e' '3d0dcbc8971b415ea18065edc4d8c8ef'
 '0fbcca3f17c649a08aea64b5a7d9ef36' '66cdf168f36d4a57a505028c97dc06e0'
 '4465efb7f6ed4dedad72a658184addd2' '4bc7440b8f4b4e4cae65a5c49defa923'
 '434e752b992c4e6a812557529315c5b9' 'df79a27b9a4f42fd839c90bb8a79ad91'
 '8f140fd7126f47b6b00307b0181509f9' '40450f2c91944a81944621b94f190b49'
 '5b9fa6a959294dc29c8420b2d7d3096f' 'b84d71ed9c3b45819eb3205fd28e13a0'
 'b0b464bc92a541e48547fe9738378dab']","2a4dfba4750588906f2098f45d6ef795"
"4d11c4b0dc5844f6a10fadd077fa6077","['e7ffaee9d31d4d3c96e04f911d0a8f9e' '254770028d7a4fa9877da4ba0ad5ad21'
 '3ce7c210a21b4deebad7cc9308148d86' 'e3f1098c3d984bc7b5f30b9c0101f7a6'
 '79c99026b7ef4946b9b8e0be841fd4c5' '07d8eeb549044ac88d2e788c146a0ef1'
 '4067269e7f6943cdbc299ce02b7eadbd' '094a736ba43c4da48c556437f47f88d1'
 '563c2af32bb3476299e9b24a646097ab' 'd59b49eb94ce442d89907e90c5d3a44e']","4d11c4b0dc5844f6a10fadd077fa6077"
"5d4276addc2f2965b4d5be07d544a40c","['e7ffaee9d31d4d3c96e04f911d0a8f9e' 'a0f326b9597b49dda6563e9208316117'
 'bff3db70f9af4f2c87a93df48ecbb6bc' 'bf91f36307cb43e1ab1e967cb3ba8274']","5d4276addc2f2965b4d5be07d544a40c"
"61fb908630d3c280e95911db487c62e4","['e7ffaee9d31d4d3c96e04f911d0a8f9e' '68105770b523412388424d984e711917'
 'b4c7432f712849d7aba9dccbb77471ef' '453ecf5476f64f4a8d5020b95baf1314'
 '711eb39432794b0a91110358dd536517' '0e00585b08044954a254116665400463'
 'db0147eff2204a20b5e5e6bec7a8bae5' '67bb4f4678284819add02ba04f3b1103'
 '2033ec0487f04240abb3bdbe77b39087' 'f026fab8fec948ae9e7baa2ad715e6ef'
 'd0d7ed36d6f54b5d986dfd854096b728' 'bf6a4c18f44042799eb7456a6b85b54a'
 'fac4a59c2278498d83f9f1b4231ad62e' 'd6d2b5862ddc4c4d87deee3423506817'
 '47d588d26e2b4cccb68fe2af4c147c8f' 'c0f2dc03d8df400db4997c1a0babd6ad'
 '0211d61aae834229a3a1e004ff5cc658' 'ccbbbcc055c34709abcf103208c2c299'
 '989add81cf874018a569239b68d17ff2' 'fd7d94fbab084bc380480abeef6bfade'
 'cfb915c95caf41c6a25e99a9f37f03a2' '8815ed80f9b741dbb458d902024f34a4'
 'dddb831546354e088d29aebd154e3a31' '005d2154da754b21adcd90ac921bd5f7']","61fb908630d3c280e95911db487c62e4"
"6742be446922dd121eefd8afff18537b","['e7ffaee9d31d4d3c96e04f911d0a8f9e' '1033a18c45aa4584b2aef6ab96890351'
 '5f1fc373a8f34050a5f7dbd8ac852c1b' 'bc70fee2061541148833d19e86f225b3'
 '0fc15cc3b44c4142a770feb4c037a6f7' 'a24e9df02e1b4b43bf6324b039e28285']","6742be446922dd121eefd8afff18537b"
"6f128a0a28b0677d871bbdd1920eed09","['e7ffaee9d31d4d3c96e04f911d0a8f9e' '53d98f08e7c74158b7318357b6c660b3'
 'cd601f77419c403889aadeee591915b5' '0f564ebd53e940fba9d16674ac7bc038'
 '7deb75816e4f473480e0c79ae99b5bf4' '7f85b181f1184f77aeb3ea2155cf4027'
 'd148b2b2033048618f1a090a492a40a5']","6f128a0a28b0677d871bbdd1920eed09"
"7a9d013be64113ac0b686f7835ad3646","['e7ffaee9d31d4d3c96e04f911d0a8f9e' '68105770b523412388424d984e711917'
 '3138f39f2bcd43a69e0697cd3b05bc4d' '18b839da898e4026b81727d759d95c6a'
 '9b3eef8f3a3a45e6873838db95295b8a' '0111777c4e9e4260ab2e5ddea7cbcf58'
 '785f7f32471c439e89601ab81c828d1d']","7a9d013be64113ac0b686f7835ad3646"
"839b9207b75bf3ace550391324a33388","['e7ffaee9d31d4d3c96e04f911d0a8f9e' '3b6cd96a27304614850709aba1c9598b'
 'c1a146d7fb16429ea6d0aa2a55ee597f' 'c79d686eba044c5586c706cdc096817d'
 '09f18f81442d4d6d93a90f0fac683f9b' '378fc7636eeb4aabbfd40995a6960c64'
 '80a04aa18cd649d584292f23b10c0727' '4e9ca18ccc1d4527a3bc035d07f5e162'
 '5564257e89f1428486a64fcf52f49490']","839b9207b75bf3ace550391324a33388"
"858692a6991a43581eb17b695978b12c","['e7ffaee9d31d4d3c96e04f911d0a8f9e' '7cc3356d38de4328a51a5cbcb187dac3'
 'bef16fb5fd7344cca5e295b13ef3e0cd' 'bb9e01bc171d4326a29afda59ece8d17']","858692a6991a43581eb17b695978b12c"
"97543c44edcfe91806ae4966fb27036a","['e7ffaee9d31d4d3c96e04f911d0a8f9e' '089b9b9841714b8da043777e2cda3767'
 '38f1e44579d0437dac1203c34678d3c3' '1ca24718a96b47f3a8855550506c4b41'
 '9c980dfe3cab44b7a83408405edab0b6']","97543c44edcfe91806ae4966fb27036a"
"aec0495f6dbc3f5896ec07ec7ebe251e","['e7ffaee9d31d4d3c96e04f911d0a8f9e' '5ecf534a9ffe46e0b1c2144110c691c0'
 '047cd93e9d704c7d8dadb6e79f9458df' '5b71ee73a5b6484495b2a0a75219426c'
 'e1f524d4b9754ce2b64a0a4c8f73b854']","aec0495f6dbc3f5896ec07ec7ebe251e"
"b7d7a176a30e0cad4e21d20d4ed670ba","['e7ffaee9d31d4d3c96e04f911d0a8f9e' '147c038aef3e4422acbbc5f7938c4ab8'
 'b7702b90c7f24190b864e8c6e64612a5' 'de6fa24480894518ab3cbcb66f739266'
 '6fae5ee1a831468aa585a1ea09095998' 'ef32c4b208d041cc856f6837915dc1b0'
 '07b2425216bd4f0aa4e079827cb48ef5' '2670deebfa3f4d69bb82c28ab250a209']","b7d7a176a30e0cad4e21d20d4ed670ba"
"bfdf3977c46f0ead15f3f8c1c9c39f40","['e7ffaee9d31d4d3c96e04f911d0a8f9e' '85c79fd84f5e4f918471c386852204c5'
 'eae4259b19a741ab9f9f6af18c4a0470' '3138f39f2bcd43a69e0697cd3b05bc4d'
 'dde131ab575d44dbb55289a6972be18f' 'de9e343f2e334d88a8ac7f8813a915e5']","bfdf3977c46f0ead15f3f8c1c9c39f40"
"cc4a8818601cdc620d55eef2b6ed49f7","['e7ffaee9d31d4d3c96e04f911d0a8f9e' '2f05fcce857e4a499ca4e89a3cefbcb3'
 'b3aeb7ae009a4f52ae3ae4586e32fe11']","cc4a8818601cdc620d55eef2b6ed49f7"
"ccdc87603fa2414f50c8b18e3ab78c70","['e7ffaee9d31d4d3c96e04f911d0a8f9e' '586bccefb1e344289c1ee984e165de9c'
 '8323efc8e539419e9ca3c98e758f6609' 'a80c7c98c0b647f8b9f6f8cc09168e44']","ccdc87603fa2414f50c8b18e3ab78c70"
"d39928803a30957c678ba7bfc7335744","['e7ffaee9d31d4d3c96e04f911d0a8f9e' 'd2b629c0396f4180a03e16ddf3818589'
 '148fffeb994541b2b4b6dcefda7001a8' '89c08e793298442686292454a1abff31'
 '0467928aa65e4a4fba62bdb1467e3a54']","d39928803a30957c678ba7bfc7335744"
"d85a9f80c3a8b981f89c9aeaf3defe13","['e7ffaee9d31d4d3c96e04f911d0a8f9e' '1ca41537c47c4752a17a44d1d7086d96'
 '7e0d14ca308b4796bdc675a64bd3a36e']","d85a9f80c3a8b981f89c9aeaf3defe13"
"db743da6be29d97ffc8abdd6d3be4aef","['e7ffaee9d31d4d3c96e04f911d0a8f9e' 'ab3a5a6713244fd595a1ace978c3d960'
 'e744c118ae7f4638a01d060bbaedd6e9' 'e1c1080c717d437996def1a41772d179']","db743da6be29d97ffc8abdd6d3be4aef"
"e11ca4f8828577aaf7126b6cb523dc0c","['e7ffaee9d31d4d3c96e04f911d0a8f9e' '496f17c2f74244c681db1b23c7a39c0c'
 '5d1b038ce8be4533b54dd79d6496de9b' '0c010fa3aeac4b28b2fbb8c2339c2521'
 'c2999bdca08a478b84b10219875b285e' '263d07354a1b4336b462024288f9bcd3']","e11ca4f8828577aaf7126b6cb523dc0c"
"e8d077c7aea2ce872593c6e0d8ad3df4","['e7ffaee9d31d4d3c96e04f911d0a8f9e' '1033a18c45aa4584b2aef6ab96890351'
 'ad52ba79a84748a49067e53b1d5095f9' '289616058bf4495887292003b27ba216'
 'ce36d1d637cf4a4e93f5e37ffbc6bd76' 'eeb9c02c0efa4131b9e95d33c31019fc'
 '7b2472c5dd9949c58828413387b94659' 'bdddcb17ba6c408599dd395ce64f960a']","e8d077c7aea2ce872593c6e0d8ad3df4"
"f702c7b6765a8888a8ea861f2a4c014d","['e7ffaee9d31d4d3c96e04f911d0a8f9e' '3d6b216c14354332b1bf1927ba168986'
 'adf4ee3fbe9b4d0381044838c4f889c8' 'de6fa24480894518ab3cbcb66f739266'
 'fa3c4204421c48609e52c8de2da4c654' '23becf8c6fca4f47a53ec4883d4bf63f'
 '80a04aa18cd649d584292f23b10c0727' '4e9ca18ccc1d4527a3bc035d07f5e162'
 '5564257e89f1428486a64fcf52f49490' '83c76fbd2a004d90a5b0a6736ffed61d'
 'd9779c41e3c74fe0b26e23822a4b995b' '9d7a563b3b2d405092c31f1fe08cff77'
 'bd43f3d439a54781bd4b721a9a269b92' 'adc0f95733e74351a891c4dadf650a52']","f702c7b6765a8888a8ea861f2a4c014d"
"5f9d5c30d0a45936539e58a40065c8ab","['f7e11b0e297a44a896dc67928368f600' 'de6fa24480894518ab3cbcb66f739266'
 '3b6cd96a27304614850709aba1c9598b' 'd54956b79dd147f894b67a8b97dcbef0'
 '958beecdb5bb4060948415ffd75d2b03']","5f9d5c30d0a45936539e58a40065c8ab"
"dfd98af875b627510a891c3d4e375775","['f7e11b0e297a44a896dc67928368f600' 'eebcc7ec8e3e4df7aea83659bbdc2199'
 'fdc954b454744820804d7798f3e0b5de' '11e4325f59394ff1bc89892f79288702'
 'b349041c0be64c62b964ab1234e055e6' '969e1ea0b1e443a68e9a65dfef91d161'
 '8e09e7cfea7d405db8b22ae2f836ccb1' '490583524d394bf79289c5fe34f7dcf1'
 'd7db38bb599c42cab7066f3fdd282282' 'efd87a59d01e47c8adc02f63ef2c5c3e'
 '80e3ce3de41e4601823a333e22b7bb3f' '50eabc166e8944a49197e79c32f27597']","dfd98af875b627510a891c3d4e375775"
"d6fed9f836099d34eeb33a689ef5905b","['96aad7cb4b7d40e9b7e13b94a67af206' '0fbcca3f17c649a08aea64b5a7d9ef36'
 '5d3344f45e654d2c808481672f2f08dd' '6fb57f83baec45c9b30490ee991f433f']","d6fed9f836099d34eeb33a689ef5905b"
"125aaa8d948c6ad2f25489cd7366c153","['68105770b523412388424d984e711917' '23527cd679ff4d5a988d52e7cd056078'
 'f1c6eed066f24cbdb376b910fce29ed4' '83a6cb03df6b41d8ad6ee5f6fef5f024'
 '147c038aef3e4422acbbc5f7938c4ab8' 'b7702b90c7f24190b864e8c6e64612a5']","125aaa8d948c6ad2f25489cd7366c153"
"52e9bb83e1dea49d72f739eff4157afb","['3ce7c210a21b4deebad7cc9308148d86' '757ca40654d5476aa949a26b733be8d4'
 '539d55e7c42e44b59d98f59fae3e0ee1' '3785eeadea9042bfb2e50f16c0397a12'
 '48cd97f2297143e09d61ff2a8542c0c5']","52e9bb83e1dea49d72f739eff4157afb"
"430653c21d95ba37d4eae0e76ea56985","['3b6cd96a27304614850709aba1c9598b' 'c9b8ce91fc2945b4907fe35519339cac'
 'ed6d2eee9d7b4f5db466b1f6404d31cc' 'fc01e9baa80e417c9206f941bb279407'
 '56d0e5ebe79e4814bd1463cf6ca21394' '7c49f2710e8b4d3b8dc9310834406ea5'
 'c6d1e4f56c2843e89cf0b91c10bb6de2' '0adb2d9941f34ef7b2f7743cc6225844'
 '6b02373137fd438ba96af28f735cdbdb' '36a4fcd8efc144e6b8af9a1c7ab8b2ce'
 'fbeef791d19b413a9c93c6608286ab63' 'd2b629c0396f4180a03e16ddf3818589'
 '6102fc6619ed422ebc42588bfa97355d' '8d141c0b80f74b79a05eed7fe161fe49'
 'e22d1d1cd8d14f12b81828d940f40d70' '9ab48505fb1b487babd0d1f6d3a3f980']","430653c21d95ba37d4eae0e76ea56985"
"be4aea5c3851b39e2ff5c367900daa90","['3b6cd96a27304614850709aba1c9598b' '5ae335d9210a45fda3f92a9a028d6d9b'
 '5ac60a941a5b4934bdc43d2f87de601c' 'd405c3154d0e48ce96fad4c28fe20590'
 '7923d8521c744bd9aab131c1aea91ffd' '5bd156c87ec44e19ae6f8f62e6e50b9d'
 'c1a146d7fb16429ea6d0aa2a55ee597f' 'ede9350632084da5b0b577ff799ab14b'
 'ed559fb4ebde45518849ec803b350fa3' 'f422035f8b78417f98e4d116971cf9f3']","be4aea5c3851b39e2ff5c367900daa90"
"c305e9f4ac1d42bec43a03d0bcb8a30e","['32e6ccab20d94029811127dbbe424c64' '26f88ab3e2e04c33a459ad6270ade565'
 '718c507cb8ac49e6a35c251ac951b5ca' 'c1b40a4039b44061a358e098867f7412'
 '4643a7a319674adfb732b6f6122c7c64' '46e8056fb2ec4811ab33cb34a0dc9fb3'
 '8b57a9f43a1942a49b58cf881835f974' 'f78b01b0d93948c283644ec58f7be74a']","c305e9f4ac1d42bec43a03d0bcb8a30e"
"d7bbdfbd03e739c6c52bd3c9096bbcd2","['015e7b58d1a14b44beab3bbc9f912c18' 'eebcc7ec8e3e4df7aea83659bbdc2199'
 'af7a1584dd15492cb9a4940e285f57fc' '6e8d9029ce4e4ea182367173ab2c7bbf'
 'cbf232211e7d4eb6abdbe182f71c2cf0' 'bb0cff774a4440b289cc6f3b929fe13c'
 'ce55841ebfdd47008bab8c258f10372e' '6090e736374d45fd84f0e4610a314f8f']","d7bbdfbd03e739c6c52bd3c9096bbcd2"
"dd0e8c3a53affd5981f84d21983eb5ee","['015e7b58d1a14b44beab3bbc9f912c18' '5c41f96be13e49dba649454297834546'
 '6ea81acaf232485e94fff638e03336e1' 'd136b08d586d488f9e4188b524c85a29'
 'cccfa151fedc4b218a8d96adc7dceabe']","dd0e8c3a53affd5981f84d21983eb5ee"
"60ebabe690f6d6bd2408ac12e84701ab","['6102fc6619ed422ebc42588bfa97355d' 'ceadf262ef834e9ab146b20650912cae'
 '5d3344f45e654d2c808481672f2f08dd' 'f512103ed4624accac6cbbf90d7d250a'
 '2325dafe50d1435cbee8ebcaa69688df' '469aeef98cd1421fa123277b93d7b83a'
 '2fb66f9a0de6406d83b61742a3b52cd6']","60ebabe690f6d6bd2408ac12e84701ab"
"27dcc94d9b7fde810dec04243d5f4424","['8d141c0b80f74b79a05eed7fe161fe49' '5ecf534a9ffe46e0b1c2144110c691c0'
 '10983a248cc448c59c94df4d1d0898f0' 'e2ec7d3cdbeb4dd086ae6eb399332363'
 '67f10971666240ea930f3b875aabdc1a' '8b95083939ad4771b57a97c2d5805f36'
 '3c4062de44d64870a3cc5913d5769244' '24652fab20d84381b112b8491de2887e'
 'd4602d4a27b34358baa86814a3836d68' '36be44627ece444284f9e759b8cd25c6']","27dcc94d9b7fde810dec04243d5f4424"
"bd51762f5e0b283bfbb800d6d11a40ed","['7ea4afbf8a264f29af29950ce98105ba' 'd73c1f2fb3094d8dace42ad2a76e9a52'
 'cdc8901e668749889bd49bebdc4ff1f6']","bd51762f5e0b283bfbb800d6d11a40ed"
"94f5ee6f7ea75fa6da839400ada6c9ec","['0fbcca3f17c649a08aea64b5a7d9ef36' 'de837ff3d626451282ff6ac77a82216d'
 'c8b2408617804483b620e1a6691ac90d' 'a5e0d1644eb547ba9a5c3211aac4631a'
 '5a28b94bc63b44edb30c54748fd14f15' 'f97011b2a99d44648e18d517e1eae15c'
 '35489ca6a63b47d6a8913cf333818bc1' '5d3344f45e654d2c808481672f2f08dd']","94f5ee6f7ea75fa6da839400ada6c9ec"
"9c29a6ca388e1ef7ee4a4bd25695cb71","['0fbcca3f17c649a08aea64b5a7d9ef36' '68762e6f0d1c41cd857c6b964a8e76c3'
 '70634e10a5e845aa8c6a32fe7e8eb2b2' '04085f7cf46544b79597fc49286ff84d'
 'd203efdbfb2f4b2a899abfb31cf72e82' '6731a665561840c2898ce8c9788e4c88']","9c29a6ca388e1ef7ee4a4bd25695cb71"
"563361f76d1a9622c17edd6689d14bfb","['de837ff3d626451282ff6ac77a82216d' '071a416efbec4f0886c19ac68f6d43cb'
 '6d8473ef3b1042bf87178a611e3dbcc6' '30c9641543c24773938bd8ec57ea98ab'
 '18b839da898e4026b81727d759d95c6a' 'eeef6ae5c464400c8755900b4f1ac37a'
 '422433aa45804c7ebb973b2fafce5da6']","563361f76d1a9622c17edd6689d14bfb"
"5b2f0bf433bcfc972d553e0b74427aa7","['de837ff3d626451282ff6ac77a82216d' 'e4b707e3e6964197855b82fc66ef59e7'
 '8130a1a82bde46048952cf147690e630' 'd034e4fd8ac849278e658daad1a1f033'
 '091e998370dd42d1b05ab0fcf6595a7e' '1e6cabc18fab4c048281fd29d3044438'
 '43c68f9a86654a32a2215e23957ed184' '1ba06fe2e86140a59bbc4f4e969d0f71'
 '36caa0a230c8422c8acb4dc62e35bb32' '09940fed9d154504948bba2df1789a50'
 '4d6608557eed49368a6d09c7c5c664c5' 'eb7c93eeb9dc41aab57d29e97ebb4951'
 '3b6e2ac584b64847b53828c9d779fed3']","5b2f0bf433bcfc972d553e0b74427aa7"
"84aaa55c740cd0a46f92aaae2d4c4290","['de837ff3d626451282ff6ac77a82216d' 'ccb335166f6c4564ac1c61549d8ded50'
 '11e4325f59394ff1bc89892f79288702' '7e40cd12839a4577a95e33d785147a31'
 '8fe58de8a04f4f8f807c77fb41829a3a' 'a9f50861273c4bb697d868a9d049d392'
 'be4820f29fd942b282049fa49697b4ed']","84aaa55c740cd0a46f92aaae2d4c4290"
"93a3e213610179f15f67d6b97cb5d653","['de837ff3d626451282ff6ac77a82216d' '5f1fc373a8f34050a5f7dbd8ac852c1b'
 '79c99026b7ef4946b9b8e0be841fd4c5' 'fdcb1673254842f1935f53d0c38c467e'
 'dcb3f4cc8abc46faabc193d9885e91d0']","93a3e213610179f15f67d6b97cb5d653"
"9706700c164888cada6cc7690b0558e3","['de837ff3d626451282ff6ac77a82216d' '5d3344f45e654d2c808481672f2f08dd'
 '6731a665561840c2898ce8c9788e4c88' '4026806fa92f4e849a59a7f5c9a45c79']","9706700c164888cada6cc7690b0558e3"
"8f5d126775576a236cb53e6f86b663da","['d136b08d586d488f9e4188b524c85a29' 'ce54725672a74ebcabe6127577dacb2b'
 'ea2b28ca1a974ffab4517811dc1d1e5c' 'aff21f1da1654e7babdcf3fb0e4a75fc'
 'dc2cc9016e3f49dbac7232f05cce794d' '6ea0cef05f694dcea455478f40674e45']","8f5d126775576a236cb53e6f86b663da"
"100579c0649a951fa90b7a0391a7d23c","['cd130938a2844050be991af70baf5ee0' 'e4b707e3e6964197855b82fc66ef59e7'
 '8130a1a82bde46048952cf147690e630' 'e9b68002e035447baae848208cea5503'
 'fe18353546824ca98294ce4be7b96e02' '0e9740e25f5a460c81318336e00ac880']","100579c0649a951fa90b7a0391a7d23c"
"e94cfb8c395a24fbf6db9a2baed8c5d5","['cd130938a2844050be991af70baf5ee0' 'f127fc4d87f94794be89134406ba0694'
 'c27966a4e3be434686454204ac7b3ab4' 'dab39f92d0ed468c80699f28c05c45fa'
 '3076f330d121489aa50964ce54a3b1ac' 'c8e5d3afdcb54c8589e280f0c4a87417']","e94cfb8c395a24fbf6db9a2baed8c5d5"
"ea96ddadb47760fb6285d78ff43334d1","['cd130938a2844050be991af70baf5ee0' 'e4b707e3e6964197855b82fc66ef59e7'
 '8130a1a82bde46048952cf147690e630' 'eb7c93eeb9dc41aab57d29e97ebb4951'
 'e9b68002e035447baae848208cea5503']","ea96ddadb47760fb6285d78ff43334d1"
"40aecf550b64085ed8aa08f800e16a30","['6731a665561840c2898ce8c9788e4c88' '735d19aea0744b2295556841c5c4c3fd'
 'c725babdb14a485582f8fbdf95429030' 'a0047221896d418d849847d422fa4bb8'
 '98fc2ee593184c5a839454db4eec7013' '80020a1da63042459e00266b2a605452']","40aecf550b64085ed8aa08f800e16a30"
"0d038a2560cc5bf059eccc772d45635c","['e02be3e37ca0454883a4c1fd859c24bb' '1dbc51475cb04dafa4a8833a8378635e'
 'c12b9ebd8b4e42b7896822a32e3fa6eb' '27505f6ade4b4e5f9316ffe9c34821f7'
 '0ee7db2c6bea4630ba9f0c25e8a967ad' '5a6c1d15424149f69052cd8d91fbff75'
 'd005bf75c31d4848ad7041f39651e59c' '9b3eef8f3a3a45e6873838db95295b8a'
 'fdc954b454744820804d7798f3e0b5de' '49c1383836934ec495c3b35769100a73'
 '859dedcc3736439a8a563419f16cb3d8' '6078b9980a6c4dcd9198d151b833ead7']","0d038a2560cc5bf059eccc772d45635c"
"9796f10b22a5b0a3db4557e3075bdbb0","['9b3eef8f3a3a45e6873838db95295b8a' 'fdc954b454744820804d7798f3e0b5de'
 '9376ce8940e647a99e5e087514b88fa4' 'b38a636e86984600bb4b57c2e2df9747'
 '4bc7440b8f4b4e4cae65a5c49defa923' '5d1b038ce8be4533b54dd79d6496de9b'
 'ac6e5a44e0c04a4fa93589376fde4c34' '40e4ef7dbc98473ba311bd837859a62a']","9796f10b22a5b0a3db4557e3075bdbb0"
"b9b9e11170b32192d67fdf084d715f45","['9b3eef8f3a3a45e6873838db95295b8a' 'b38a636e86984600bb4b57c2e2df9747'
 'c885166d0c454a748376b56279f96408' 'efef117839b64ce9adf614a461d41ba6'
 '2171091ada0942d8ae7944df11659f6e' 'bcfdc48e5f044e1d84c5d217c1992d4b']","b9b9e11170b32192d67fdf084d715f45"
"0e09879bf7db3d8a2ef74d68d4e2e984","['fdc954b454744820804d7798f3e0b5de' '859dedcc3736439a8a563419f16cb3d8'
 'f93cd6b8213e46dda67af7e5382e1bd2' '496f17c2f74244c681db1b23c7a39c0c'
 'da1684437ab04f23adac28ff70bd8429' '4517768fc4e24bd2a790be0e08a7856e'
 '545edff337344e518f68d1301d745455']","0e09879bf7db3d8a2ef74d68d4e2e984"
"1f20c2401d483b8a4f7e94c30ef806c0","['5d1b038ce8be4533b54dd79d6496de9b' 'c2999bdca08a478b84b10219875b285e'
 '263d07354a1b4336b462024288f9bcd3' 'f9005e5c01b44bb489f7112322fd1162'
 'd9ef017549724f4fbc4ff4ba6701dac0']","1f20c2401d483b8a4f7e94c30ef806c0"
"67a230cf4b51067fac96ba864d694107","['c885166d0c454a748376b56279f96408' '6dd7f5f6b4544271a97f6a136f82fc3d'
 'eb01db8435554f2cbafe39a50f62f20a' '3d175ad1f0014cd4871eff4e86db9f88']","67a230cf4b51067fac96ba864d694107"
"6965a0a9afffb8be84b960e5517baba8","['b5ecd0553dd742f5813c9b855d548a41' '89b2003e97804961805ea1886d078ebd'
 '6dd7f5f6b4544271a97f6a136f82fc3d' '3d175ad1f0014cd4871eff4e86db9f88']","6965a0a9afffb8be84b960e5517baba8"
"748a5cb2e67b0d24c5e76078514b228f","['1c5e296a5ac541c1b5cac4357537c22d' 'a80c7c98c0b647f8b9f6f8cc09168e44'
 '2d66a15939294d21b83b3e277f0a4e46' '47f6d6573cf34e1096c95e36251dd60c']","748a5cb2e67b0d24c5e76078514b228f"
"4e9cd7c817b157e416ae8f8ffed06c56","['5ecf534a9ffe46e0b1c2144110c691c0' 'ab3a5a6713244fd595a1ace978c3d960'
 '02a88c0d128e4586b2f1f64329786d3c' '1ca41537c47c4752a17a44d1d7086d96']","4e9cd7c817b157e416ae8f8ffed06c56"
"595dc3457df06d08ab6fd04192ca4288",['5ecf534a9ffe46e0b1c2144110c691c0' 'b45ef27279c043269b23b894461d7d8c'],"595dc3457df06d08ab6fd04192ca4288"
"bc43017fa804602eec26c90d6d112e06","['d4602d4a27b34358baa86814a3836d68' 'a64b4b17b07a44e4b1ac33580d811936'
 '423b72bbd56f4caa98f3328202c1c3c9' '5c7ef01f46a94641bf1ae5cd25f8a538'
 'aefde1f7617f4c0e9aed31db77f6d862' 'ad52ba79a84748a49067e53b1d5095f9'
 '289616058bf4495887292003b27ba216' '7ffa3a064bce468082739c5a164df5a3'
 'ce36d1d637cf4a4e93f5e37ffbc6bd76']","bc43017fa804602eec26c90d6d112e06"
"c71a117a935af73367b81946726d7777","['ab3a5a6713244fd595a1ace978c3d960' '2b916117691c4872a9c4e4888d4fe4ab'
 '1f7b02bf486e4f42b23e9cb1a63207f3' 'e744c118ae7f4638a01d060bbaedd6e9']","c71a117a935af73367b81946726d7777"
"12f624e00deebef43a41293851609f1d","['3076f330d121489aa50964ce54a3b1ac' 'aca3eb8924ac494486fe0bfe892f7f2e'
 'bac51e00d486420c8e91e824d8e17411' '6315b4bf135c40358823ed7e4e4060e2'
 '33905debec1a45ecae1c65daac1d854c' 'bfbe904780fe47daad1a04126b12923c'
 '0614f00e932c4cd0b53928053811ebc1' '9ef487dd0b574b108c60a56d6a2f146c']","12f624e00deebef43a41293851609f1d"
"55c694e950262cc7801d636dbb928245","['e4b707e3e6964197855b82fc66ef59e7' '8130a1a82bde46048952cf147690e630'
 '7ff31ce54f424f0bbb297b0b3ba7c757' 'dc08f6d7398b4b798a3bdccf508a2ad4'
 '1c7fd5af8d8041e186eae2431fc627cd' 'b16eda56dcec40f2b3e109fb9246bee3']","55c694e950262cc7801d636dbb928245"
"b811eb9222b8eeedce1c40b89e3bc016","['e4b707e3e6964197855b82fc66ef59e7' '8130a1a82bde46048952cf147690e630'
 '7ff31ce54f424f0bbb297b0b3ba7c757' 'bac51e00d486420c8e91e824d8e17411'
 '4adee3aad6524a4aa4c4711c1ee05e64' 'd034e4fd8ac849278e658daad1a1f033'
 '091e998370dd42d1b05ab0fcf6595a7e' '1e6cabc18fab4c048281fd29d3044438']","b811eb9222b8eeedce1c40b89e3bc016"
"5a5098a7da5079c20d8cd8f4078f9f9f","['f6ddfa8491ff40d2839bb5b2e105df22' 'db1295504da645b69d9786d54f233fed'
 '6ff4ed0dda4f4158af37be99f505565f' '5d398b88ee4242a59c32feb188683ec3'
 '0a784e00c9464bd3aeb830b908f73170' 'b0966a0f455e44229e6c9705d57bfca9'
 '99761e9b89cc4060be3ed6b34532e7ff' '8130a1a82bde46048952cf147690e630']","5a5098a7da5079c20d8cd8f4078f9f9f"
"3e7137a5586a37c27f0515f4775e12dd","['3295be59128d451bb720c6688adc1e0b' 'aca3eb8924ac494486fe0bfe892f7f2e'
 '66689accdd974295b7eb779e43578748' '6b49c78aa1524609ab7aa74aeaa3e01d'
 '7ff31ce54f424f0bbb297b0b3ba7c757']","3e7137a5586a37c27f0515f4775e12dd"
