"id","relationship_ids"
"72c428d19c253035db6c6e314742ef8c",['6deaefe707f84b3dbda979dea0d095ac' 'c0866306dc8c4da2a8a81c0c3a78b657']
"008d65e4640a5208f1016c02bde466fa","['d053ea9432a24fb192e8d6aa993b0caa' 'b8e966b34cba4b11b9995106767212ba'
 '86c2b3749a3c4342bbb3a8c70c3a76a0' '67d6a3481e4b419292247cef5cd5b737']"
"016f43c5ba92b8259d4a288f96a46817","['d053ea9432a24fb192e8d6aa993b0caa' '0af2ca1c090843ea92679fd14c1fbc9a'
 '51cd93f89fbe4bcf883cdb2ca6774cd6' '07d501edd4614e1d9d08d01b702688a3']"
"02d2277b6e803b3a6f72b3721eb23490","['d053ea9432a24fb192e8d6aa993b0caa' 'f6de923de6474d2cab6a9c2f0d81fa59'
 '904cd052ec194654bb72f4027e43daa3']"
"0318240c7b8fd392bf7ac9b77955c1bf",['d053ea9432a24fb192e8d6aa993b0caa' '667ee58a79194316ae2b82eadd3fc575']
"040eeb0720e09da6eb2c8c738363f73b",['d053ea9432a24fb192e8d6aa993b0caa' '40293e74dbc643e8ab6546dff759ac7c']
"084712776af45fb46dcf1027340a40b7",['d053ea9432a24fb192e8d6aa993b0caa' '424ae71c56024094a02e6fd9bfcfbb04']
"0f8aa8ebfb90aaa521f8729d6eebd88a",['d053ea9432a24fb192e8d6aa993b0caa' '3b78cc7ce8224afcab3e4bbe550cde10']
"10c4087ea9328fcec618be8c8c72a545","['d053ea9432a24fb192e8d6aa993b0caa' '400d10f2ee1d49be9a66efa34dada0e6'
 'a18f7c9f58ca49d6acf18e1ca69d3033' '45c42e619f5e488f914608780dcf0579']"
"1a7a2ff68d41451fd234f3b95d8f9438","['d053ea9432a24fb192e8d6aa993b0caa' '0b2b815c9f834aaaac0c341097def9ba'
 '424ae71c56024094a02e6fd9bfcfbb04']"
"1dc33c657628dd4ef956950e220b70da","['d053ea9432a24fb192e8d6aa993b0caa' '6915637e8d124fdc8473111d501e3703'
 '2233f31929194eac89333ce8731a5584' '1064a663ca4742a78e743128546f6d87']"
"1fb6362cb4b546e723baef4dcb5c1be5","['d053ea9432a24fb192e8d6aa993b0caa' '64961fbc3a1641378be10bcb3b0955e1'
 '59bcc2ec512c4c1ba44272446b419230' '8f39ae56f8b54b1b94faf04dbd0b9d11'
 'f3018b934ac241639a33c925c24bc507']"
"2b16421c02f2ac235ddc41778b2e16f2","['d053ea9432a24fb192e8d6aa993b0caa' '6aedd377efbe4f07ae42e546996e7bfa'
 '1aa8484562784f378851c33843c89687' '5c66a88612a245cb91fbba9c094f12fc'
 'b4c54fb7ce0b4b77afd5fbe5a8a2527f' 'c8b60cdb74104667b5d2b4b70d74d039'
 '333e294d7cc34df4abc47ad9ced3d186']"
"2c4f225a4026bac08c45411f5f164b08","['d053ea9432a24fb192e8d6aa993b0caa' '21b0499cf14342269c46170c291d0535'
 'c1ef05b38b3f4d59888150fc0dd26826' '107568a67cac472c89dfce4bbe11157c'
 '3d78aa9d14714ac189e4020f78b15d24' 'ce0366abadef410d9b65e2bfbbf0b0f9'
 '4b0efcd54efc40e8a884ac6c31deada2' '0970f08f3d1a4d638d44e2ccb9237382']"
"2d8598614a3b2a6df74b101ab9d9f3db","['d053ea9432a24fb192e8d6aa993b0caa' '229d85a2783e4a2991f17d2ab5750af7'
 'd9b127eab2f64e338d7adcd186786a45']"
"3df7788c67d82eb373cc637094d93edd","['d053ea9432a24fb192e8d6aa993b0caa' '58a8fa7f29e347bdb9689b70b065a779'
 '4b3fc569d91f4a7aa6501ad4fcf67b7a' 'cbc1667556f84a5eadf867a823e6986c'
 '5174cdabb6024de0975762d3a80b059f']"
"3f8b6d62e8bb7c6f21608de7fea4ba02","['d053ea9432a24fb192e8d6aa993b0caa' '424ae71c56024094a02e6fd9bfcfbb04'
 '229d85a2783e4a2991f17d2ab5750af7' 'f1f6f6435a444e388d67e16e847afca6'
 '5ca888df9b884e54accdd2ff29d125c1']"
"40935643bba261a08331db8f80b4daff","['d053ea9432a24fb192e8d6aa993b0caa' 'd9b127eab2f64e338d7adcd186786a45'
 '580fd6d19460460fa40613f66b3ee200']"
"4a056777579e17ab8df83067d9738864",['d053ea9432a24fb192e8d6aa993b0caa' '7f4857f94b4e4e49be7236a42071e167']
"4afd356aec4d6f5d391159dd033f2e2b","['d053ea9432a24fb192e8d6aa993b0caa' '7cc9f26737e1442595e53253e98015ef'
 '1868fec1493643208dbdcad7bc97dfa0' 'a87aa935dccf49cd98b40fb5afe7ad5c'
 '36870a3393f6413e9bf647168eb6977a' '4fe3ff52700c491f8cc650aadb4d7cb0'
 'f1f6f6435a444e388d67e16e847afca6']"
"556b05eca1c1694a4f7ac7a9aeef4d13","['d053ea9432a24fb192e8d6aa993b0caa' '424ae71c56024094a02e6fd9bfcfbb04'
 '40293e74dbc643e8ab6546dff759ac7c']"
"560c1bc6f36029f367ef54b7a12138af",['d053ea9432a24fb192e8d6aa993b0caa' '424ae71c56024094a02e6fd9bfcfbb04']
"5a8cea5cfd5efda0dd2fbcb18978cfd4",['d053ea9432a24fb192e8d6aa993b0caa' '424ae71c56024094a02e6fd9bfcfbb04']
"5bdccd63cc7c923ee576d653cc4f83b7",['d053ea9432a24fb192e8d6aa993b0caa' '3884c37eb13a4c9097ee2c5be4eeefaf']
"6f664b027f5136242609cc38adf527b1",['d053ea9432a24fb192e8d6aa993b0caa' '67d6a3481e4b419292247cef5cd5b737']
"71d4b3f37fec86c606f4be10b449c8f8",['d053ea9432a24fb192e8d6aa993b0caa' 'd9b127eab2f64e338d7adcd186786a45']
"75a02e1fa0218f727556374d01a40ae6",['d053ea9432a24fb192e8d6aa993b0caa']
"777d349ff472a2c8dff56fdc417e9ad6","['d053ea9432a24fb192e8d6aa993b0caa' '91deb9f152264e958d106d481ff2e1ee'
 '586cf02da9494088aed9b3419725638f']"
"78ebb589250e60c469defdab2bfd42c0","['d053ea9432a24fb192e8d6aa993b0caa' '043d764b2e1b4d1294651ff938df5391'
 'a7c2a64e06374091adce74adb36801ab' '34537afa1e954e08bdb52ead3a49e2f3']"
"7af789bc7cfb0baad062c01598795734",['d053ea9432a24fb192e8d6aa993b0caa' '0b2b815c9f834aaaac0c341097def9ba']
"7b3ffa4aa3640fab05df340f23773806",['d053ea9432a24fb192e8d6aa993b0caa' 'b7fdfffc38b94bf7872eabe9b022c8fd']
"7c816fbd38dc2ec7d29db9c8f19bc5c6",['d053ea9432a24fb192e8d6aa993b0caa' '424ae71c56024094a02e6fd9bfcfbb04']
"7d4a6d64f3da1057d18a58518005274b",['d053ea9432a24fb192e8d6aa993b0caa' '424ae71c56024094a02e6fd9bfcfbb04']
"7f0880f07529079291b15cc45b96a2de","['d053ea9432a24fb192e8d6aa993b0caa' '8dae140578c841ae9373cbc607c4a6e6'
 '81a4818e5cf84ea085abf09de385c86e' 'efaa386bd5e9454b87e1851cd8b28ac3']"
"8317f7c931427b74d2356951f0383b72",['d053ea9432a24fb192e8d6aa993b0caa']
"84ff06dea81e5f41c6eb079567d55f16",['d053ea9432a24fb192e8d6aa993b0caa' 'b0e3ee2324054c88adacdf80db13278f']
"8524d4a8759107a21626d3501c4724e2","['d053ea9432a24fb192e8d6aa993b0caa' '40293e74dbc643e8ab6546dff759ac7c'
 'cf56bfc9fa7d47fe9cb553dd09f2b412']"
"8574f3834cc035915cdfb9d2eedd0dc1","['d053ea9432a24fb192e8d6aa993b0caa' 'a3e683d294ed42a28d60d09a36cbeb54'
 '39887ca8567141d5b857b87a2bca4086' '9f77aa8888bd4f94abba8a77c4b0565c'
 '76b1e69904b84d09ba05c4b7efc48f32']"
"8778f2e1feedb2a804f63de12dfc56b3","['d053ea9432a24fb192e8d6aa993b0caa' 'b823ba1bfe944fa9887edd8faf8a5f17'
 '1219a14eaf5f49ab84c9287ebf58db7a']"
"8844fa2234338bedbca82d8d3037e7d4",['d053ea9432a24fb192e8d6aa993b0caa' '0b2b815c9f834aaaac0c341097def9ba']
"8a315092dad843d4bcaf2d09091fb3be","['d053ea9432a24fb192e8d6aa993b0caa' 'b215cc33cf40434f87f284ff8f3506a4'
 'b83a4e11bfa64559954327714b73293f' 'd984f08ad62f47ab9aabb9aeec1b245e'
 '43603c7868164ac38c659bce7a77f45a']"
"9ea072a756077acc1c0b5f1c59da3857",['d053ea9432a24fb192e8d6aa993b0caa' '1b7a22f76f7741e8b140bdc3d8856d76']
"9ec3183997e9b53cecc3d69523d6c509","['d053ea9432a24fb192e8d6aa993b0caa' '424ae71c56024094a02e6fd9bfcfbb04'
 'ebdd79169d7d41b99faf09b039a66204']"
"a94ef355681ae5aeaab52a0ccc3bdf77","['d053ea9432a24fb192e8d6aa993b0caa' '424ae71c56024094a02e6fd9bfcfbb04'
 '61f1dc4267314470ac820b6a46c61f7b' '40293e74dbc643e8ab6546dff759ac7c']"
"bdac16159b60ffb7d6f9ffa4bc2f87d1","['d053ea9432a24fb192e8d6aa993b0caa' '424ae71c56024094a02e6fd9bfcfbb04'
 '7a4573a19ef94e25b4480cb4d953ae7a']"
"c7090e265fb62a1c444aee9773b4bea3","['d053ea9432a24fb192e8d6aa993b0caa' '70f22b1d7336492dbade94b8edefe457'
 '66e098dc431146e19fc4bc2ea37efbd9' '49e24b5f2c1d40d7857afe327db4f554']"
"ca5a65939fc04c9d28026d5c955aa877",['d053ea9432a24fb192e8d6aa993b0caa' '424ae71c56024094a02e6fd9bfcfbb04']
"cbed4d4646f17080ba6330956c14d83f","['d053ea9432a24fb192e8d6aa993b0caa' '0b2b815c9f834aaaac0c341097def9ba'
 '424ae71c56024094a02e6fd9bfcfbb04' 'f1f6f6435a444e388d67e16e847afca6'
 '323a4c7407ac401db79a6023c3a5a17d']"
"cbf4462f3611d64fd6ecf0ba54555a49","['d053ea9432a24fb192e8d6aa993b0caa' '2233f31929194eac89333ce8731a5584'
 '61f1dc4267314470ac820b6a46c61f7b' 'f0c578614b224345974c3e4c110878af'
 '7ffb88ebc729492c897ccfb569d7f6d0' '97f98b1623104f48aa93196a1f7dede2']"
"e0908e3a059996366c190493e47922b1",['d053ea9432a24fb192e8d6aa993b0caa' '40293e74dbc643e8ab6546dff759ac7c']
"e9920413a3f5993720991dcdf41c4f86",['d053ea9432a24fb192e8d6aa993b0caa' '667ee58a79194316ae2b82eadd3fc575']
"e9d3f68998cff4ee8aed538a49af5a55","['d053ea9432a24fb192e8d6aa993b0caa' '0b2b815c9f834aaaac0c341097def9ba'
 'd9b127eab2f64e338d7adcd186786a45' '67d6a3481e4b419292247cef5cd5b737']"
"fed1b4e2531fa3c89795c65da306e3cf","['d053ea9432a24fb192e8d6aa993b0caa' 'f7ac6bc4a9ca4250ad29a3adb5d08657'
 'ac2ee54e75a2492c8db372dadfccd083']"
"fef9c649ce6a269e3527f9c73e29aceb","['d053ea9432a24fb192e8d6aa993b0caa' '2b1ec99684574c2ab26bb050d5b57a4d'
 'cdac6338c3234797a0d3a32cd68d1b2e']"
"ff5db536458a8abf6a70a74408c4dfec","['d053ea9432a24fb192e8d6aa993b0caa' '424ae71c56024094a02e6fd9bfcfbb04'
 '90f5597a558a4652bded9001a4ec2e56' '0d0fc5d4ecb548079b28979186f19bf6'
 'c68e6c694a554256846d12178ddb12dc' '948a00e8ee1246cc90c47b292d03ddff'
 '09294e8220a445e288ea8841f234a440']"
"1d3c82fc7b0630a6c46863b979a2af4c","['a3e683d294ed42a28d60d09a36cbeb54' '12398f70065143839d812fd42ac4b2e7'
 '74d43d20f251441baf8e3db64fedca43' '3f5590a604894d268603b4b27c3348b5']"
"eab95c5e8ff4164dcfcbe12e60dd94ce",['a3e683d294ed42a28d60d09a36cbeb54' '8df8563ab0394ee9a91b89dea7d59404']
"d03a5be917279f47816e4c9711cc5798","['d0bfb473fdc64643954cdb4675e2f389' '68f998c9c8c34bb7a994de5a998bb9a0'
 'aafc13d02ade40adae13d3bee241817a' 'c0e28ae832c94405b8ddd4d2ad978be5']"
"aca5193f0679c6672a279110869b8758",['a4db1b2a9c3e4d2d838725f8166c36b4']
"6715eef1712e0d946549e6681a259bd0","['c1ff9d8e1b8745d6860c34ce26122d79' '90764eb2cab74cffb1c7d72d28b965cc'
 '4f29bcf5377d4c9f94ff3f8ca2f8d941' 'e7072a582d9b4c1ea8b171ee940d4d6e']"
"635eabb30b2c974b48872e2656108042",['9d1e6ca9ae8e4e068fb74631a633b20b' 'a9de65176e234a9f9073b8df9d675e90']
"662a878337a29f5a913958b8546c3eb5",['1d7b0deca7674777bf76c163ac065845']
"e8c68c9c41b007f2d476c4e03df49815","['03afe9988f864c9fa501bfbf043f74c0' '4084f614af494fa8ab73095fb5b6b07b'
 'a18dd9ea4143411cb32e261db056cf0c' '31bb84eb2a834dabacc0ed51af4fcefd'
 '4cf4107b0e2842778aaa658a1a85f3b3']"
"26827ec7b673b1b365b796c999c26d3c","['3ce25564af6e47f390a0b16b6f9433a1' '78213664d0eb45d1a9239ba4b85b10f7'
 'c87b815d61af448596d3194a804b57b3']"
"0b7912396c8cde985ddee6dc17ec0d4f","['1226e4a4077b4b3a970db4d2509b590c' 'fb61c68efe5b4d69a9623e531e7c639c'
 'dc61e34c1ca8419e923aeeff7d83d949']"
"9be6b5fd2c5d01ecc07636596864b95e",['b4c7de7a824a4a71b9f52193d2f1a10d' '11d74eab1dcb4fcba7c45def5f0ee22d']
"5ffa0e4028e6f5fb5d36d31c7b6baac1","['b609f1939dae4c7383c7d199bb3c7dc3' 'aeee2f443dfb4e3ea80af6ae1d9197ce'
 '86cd53087b2542f898d6cecca31e6145']"
"e9282c280e5ee6794e75e1642753c546","['8c46d37bc26e4d4dbd37d6ee26867bc6' '37049be0a2c240c6a06acf9339237b8b'
 '50c91820a91f488d8606198540aba894' 'a3ee323c9c9a4f81b5907030122b80d2']"
"0e6d1961c112676304a1c82938f647f0","['58a8fa7f29e347bdb9689b70b065a779' '259e7f5e2ec04418937513413b6d51d1'
 '2289f06dd3804a3c84371dda0bab091e' '34ff8ef897804691842071f9ff78708e'
 'a7401447d994439993da7cc57f127649']"
"15e19a9eed9e792a37f0ad41d3a965bd",['58a8fa7f29e347bdb9689b70b065a779' '909d28e443fd4e0bac189373125c8309']
"1b7afcab69384f4109d8537750df26a0","['58a8fa7f29e347bdb9689b70b065a779' '2489232bd2bb492babe00617e7290282'
 'd2ed972353af4d1db74702638bfdbb58' '2091070e709e45f5ae56d40a9da45520']"
"2416bbdc682287235364cc5dcf3b768c",['58a8fa7f29e347bdb9689b70b065a779' '83cd5df42643494396b00d6cb6376def']
"26952620749ea86364db720687c3f0b2","['58a8fa7f29e347bdb9689b70b065a779' 'fae3fe31deb141ab93143ac411f1eaaa'
 '95d506750fd94e72bbd9cf2d3fe18e28' 'bf0138ccbcc740089a55fd0c24897360']"
"29750a46f9f48a342b820405acb02ca8",['58a8fa7f29e347bdb9689b70b065a779' '179737fd23c943babdfae01ac5c6bfc3']
"3405d57ce2cb8930da5dfb2d59f15ce1","['58a8fa7f29e347bdb9689b70b065a779' 'ea28ff7f127e4677a913952595dce2f5'
 '20de9a1af6ab4e88acf003cb7be0217c' 'f3229f10a5a54cb1b91a26ffa6ee77a3'
 'bdbfbde5dd244447a2a0674b30ae3e8f']"
"77440a6dc67b414b93e032c60ac86fca","['58a8fa7f29e347bdb9689b70b065a779' '6bb11aa08b414232b5b45f10f5766f62'
 '65a31e4da283411fb7c971f63d606723' 'de31810d43174a52aa2f31b72f4542f5']"
"811e2aea35222d79c8ab2b4e1682750c","['58a8fa7f29e347bdb9689b70b065a779' 'e785c52881704d95bf4ec03d2720f8ae'
 '654689c65613476b9905d7afb3809cd2' '15dfb45a6ffa4d34ad72cfe4b3c5cc0d'
 '427c3b7458f148d8bace1b768e2b5b7c' '5dc3480806b04fdd8089a3be46e22540']"
"9843dda47d8fa4ee99109e43c28ae2c3","['58a8fa7f29e347bdb9689b70b065a779' '6bb11aa08b414232b5b45f10f5766f62'
 'b5800c807edd4087a2420007272d15d0' 'aa247540e90d4a7abc5bca6fafaaffa1']"
"e87ce9ead619379b75f606b5ed62c8d4","['58a8fa7f29e347bdb9689b70b065a779' '909d28e443fd4e0bac189373125c8309'
 '5d75097d065e4b049a1678deab40949b' 'c277134d380a42cd886a14a953554792']"
"e996589ad5cee0c543ed988a77081773",['58a8fa7f29e347bdb9689b70b065a779' 'a38eace89e7e40de8f007fde24597e9e']
"43fe3eabe57a1961a64491c86cb08d67","['a2cb46c226b94831853a5d28c5d94b0a' '90f5597a558a4652bded9001a4ec2e56'
 'c23761290af24cf29adc1ee8644bdad0']"
"5aba713d34cf47d3a146255cb3b5584a","['a2cb46c226b94831853a5d28c5d94b0a' 'efbc2439e5034801af83ac1a0b440535'
 'b9a2ef791a064f038cac2059ebea1138' 'd21a1fef903f4a399bd3cd366aad3c9e'
 'fc596a598ff74a4c843e405b597551b5']"
"84d2fded9e5586dd584e403e106085ca","['a2cb46c226b94831853a5d28c5d94b0a' 'c20ecfc93b3a4875ade5c92cfe4b94a1'
 '0bc00f14e6194df7b0fe9ef9ba28d34f']"
"c9391913bcbf6c8ce05f702658ff0f0f","['d3511ecd27cd4166bdb39e757e275300' 'de3b561f5cce4c83bccb39180e362c97'
 '5bfefaa0fce04002851733337bed714c' 'd1e9c550a0e74c48ae81c319f26ccafc']"
"92e60b810f5507e207306d25d04c0814","['de3b561f5cce4c83bccb39180e362c97' '0d0fc5d4ecb548079b28979186f19bf6'
 'b5235cb24b8f440389f250ebd5b6e2f8' '3af2a8619c394be6adf06e4bc742b7ec']"
"a9baed6c1234760eb79ab79ad2e3c4b8",['de3b561f5cce4c83bccb39180e362c97' '9535f4d754044e128cd3951a9d2e3702']
"5a23cb91ee6aebebc216620b08be0d41","['b5fed5609f154df58c6a9f74e55fc0ba' '16911c51c65b42f8a2d04c05f45b2c58'
 '4f847eb72cbe48678d5634dcf93fc0e2' '829e64159ae04301982e88e93a2f0e49']"
"01a44471658f608d573d20b284b08638",['91ae5251eaab4c08afe6cd4cbefcaa6b' '0a841cd4b6664423b033f22e3a80f33c']
"6b7d7bef02fe471453e86ff1551c6a7a","['bbdd53a15e99452a9deff05d1de2d965' '2b1ec99684574c2ab26bb050d5b57a4d'
 '0948efa844814529b4c023aacbc23d64']"
"fe67ca15be08a6b00a245e63131b8a03","['532bf54d5a924ff48aee254970efb914' '192a6d23595045f38b0d46a3d8e52fd6'
 'ef67c9fc60284b50aa15ac655b06a155']"
"241ba511a6b267992f84019bcafa5146",['2489232bd2bb492babe00617e7290282' '323979a67d79498fa271acdf8cd1a0c2']
"07ee7a0c9129745b5e378841be05c2ae","['d2ed972353af4d1db74702638bfdbb58' 'd6e6366617e04b0ba6732fd1d2d76429'
 'b4c4354c8edb40db984942799fe0c8b1' '323979a67d79498fa271acdf8cd1a0c2'
 'f0a28fe3f68546dba7850815f7933275' 'f79358f3535045d9aad3b828df59293b'
 'c1e4a9dbe55c4fb89f0d927c9fb067a4']"
"c2ad2384fcd7d5fb0deb4af86a9380ba","['d2ed972353af4d1db74702638bfdbb58' 'a7ec8df038d7461689d28f1bdea84d9b'
 'f79358f3535045d9aad3b828df59293b']"
"27b41eca87bd22a28604791bb17dbdbc","['575befc8d64c47eb95af8b1096e02963' 'ad76c8dc8dd94412a5e79005cf8e0f2f'
 '26a03482961e41918ea049018080af7a' '1cfd220ff4d2493ca4b92d725d171d32'
 '97738fe0830d405ba53598b5cb1e5e38']"
"0ef90d46880110c9301c8eb4b21ebb44",['170507a64973429f818067b80506d428' '323979a67d79498fa271acdf8cd1a0c2']
"f2b9a3e3b16a5ef347d9b801f0c92955","['fd9b298e6aea4685bbb2064b05fcda79' '57e16ff087a84b8ebd70de1e7e534225'
 'bbf4007dc9c0486b8ea76d616045467a' '697fb824eef34759852f1d5588921aec']"
"d2e04ee9d1cdefef4e95bc5b34b0dbfb","['eeecb159cc8a4c8989f8da0f3df09f2a' '6e26ce67bacc4fa089296843463f69ad'
 '697fb824eef34759852f1d5588921aec' '9e5d626681094933abf87cf797f2fa46'
 '545358ff14f84601a22e9f39f5ef1534']"
"8b34a2b22abe94c075872bb4ab06d253","['932e213c57134098a07073febd51dcc2' '49e24b5f2c1d40d7857afe327db4f554'
 '587f39a32e93412395d9c22ad0ac2f94' '81ceb8db419b4697ad24e9d7f46422ff'
 'a02263dd89964a1c8ab2d0e9aba0f4eb' 'f91e7c9600ca4623a8cc4a56d2dccd07']"
"72ef77d14fd5f7379a4d83d84a21217c","['9593428ad36746ae8af6d8ce639834ef' '8d9ded5fc9cf4c4faba8c6c8cd50e2f4'
 '4330f73cb78a4bb39a384eb29112201b']"
"5a24be5be62e4c2b6089680d85a28bb2",['1bcaeb58479d42a6963a073c09f3f397' '595a841aa6034c93bd3dc55681e17710']
"25fe70f4e78e841093d4e470427c5217","['1ef0c1c59ce946668ccf1a6a4f5ab7cc' 'd734746e3d6146f780af91827e578dfd'
 'd0e58b78e8e84a0c8796e707b1f95f65']"
"fe776e2fb42accc6008bfd9f9c017855","['21ed913271614cbeb1b754cdbbef13af' 'cb6fcf84e3d04ef59b01f97ac94823a1'
 '60724b8b268044b69a4b3d939f1757e2' 'd931685d35e149909472f736114ca62f'
 '3f5e9927a4114a958d75f5ed313526a8' 'e67ce34d48364422973ccf3a6b57af83'
 '98773a34c9bb474d8a789ea08f57250e' 'ae260498423e4d55aa413423cd0eb20b'
 '4aeecb9d885743ca9373337a43957dd8']"
"4d28b35e2fd1fe04534b8fe505fb07cc","['1505dfebbfb04652b0ba57de1a251d67' '97a21db5f5954e2c8868b298a3f0090e'
 '98773a34c9bb474d8a789ea08f57250e' '1121b50f7858427fa679d81861238825']"
"9a19753353f40064a6811288ab2c7556","['907ec65076e5494a8631efffb81b3178' '2dc7f6b230db452190a09643ca3d5ec0'
 '90f5597a558a4652bded9001a4ec2e56' 'e7d3fe0f87ff47f5a4c8d9572d27245a'
 '6f7165b558ae427ca14b2b16d1e8e204' '45c4ed77967746e485ec9e52c0dcc0d2'
 'de51b828ce1f442bbb19a7b20bce9dda']"
"c4a15b4c2991a5c14031f996e99ba460",['4bc7dc91ede345dfb63d7d4f7ac3554f' '0b2b815c9f834aaaac0c341097def9ba']
"1170f02c4f72abe944971b085d7e2626","['0b2b815c9f834aaaac0c341097def9ba' '424ae71c56024094a02e6fd9bfcfbb04'
 '14f8ac195fdb4e06a0b9ebc6ef391180' '8806b817446447e3b50f5bc85ff497e1'
 '62afe93767684ea38f861d20fb05ff71']"
"20e0df85ac24e24c4e87ae59c728636a","['0b2b815c9f834aaaac0c341097def9ba' '424ae71c56024094a02e6fd9bfcfbb04'
 'd9b127eab2f64e338d7adcd186786a45']"
"85866d97200f421b7d8eaa3b9663908c",['0b2b815c9f834aaaac0c341097def9ba' 'd9b127eab2f64e338d7adcd186786a45']
"0155a5af5c1988637b742a0797735194","['424ae71c56024094a02e6fd9bfcfbb04' '29ec9dd9f5864170a7e75c46c11c0090'
 'fe38c996c2d64bc899eabd6389034075' '87776e869a01402499a317cb9cf09453'
 '686bc2bd59644e398dde88ffd37bf49b' '8fc1fbff7e6c459c93ce2c2f5a62226e'
 '04b3ae04020349a9bc568f26d17eab14' 'bbc4d367c60f41ad8a279c12e5cc7da6'
 '9a1aff251eda416ea6270e6158e663fc']"
"12d1f91e89d082920c89bcdd2f7660ec",['424ae71c56024094a02e6fd9bfcfbb04' '84f4684a7a5241c18bb087ccb00550d3']
"1cd97c98e1c0d5f114e9004dbdea93ea","['424ae71c56024094a02e6fd9bfcfbb04' '029a55d327ee4fb3a8314b36d52bdf34'
 '40293e74dbc643e8ab6546dff759ac7c' 'f64e87431d674f298c533f6878458b95'
 'e6d44d0db58f42799a02eacbd6b14543']"
"202265b0fffd28a9b77f9e17d1fcc200","['424ae71c56024094a02e6fd9bfcfbb04' '40293e74dbc643e8ab6546dff759ac7c'
 '7893ee15f0e941cbacad8cc1feaacbaf']"
"2bac8cd2c646865c07a176576b25a409","['424ae71c56024094a02e6fd9bfcfbb04' 'c50bca18bc454a98b935df012b7fd6f9'
 '434b133c64bd46219e67c6eb296ad0ff' '53032c2afcb5474a88446ad7c5506980']"
"2bd9d64dccdbf2ad7cb29afe2ccc3479","['424ae71c56024094a02e6fd9bfcfbb04' 'b7f97d1909a3433abef8ca8e9334fafa'
 'b7fdfffc38b94bf7872eabe9b022c8fd' 'ff25ce2e8ace4bdcb765c863b483852b']"
"4de94a9646e4fa0e3488ab9431283633",['424ae71c56024094a02e6fd9bfcfbb04' '40293e74dbc643e8ab6546dff759ac7c']
"50a6b12300875b1d5702ab57bcc76adb","['424ae71c56024094a02e6fd9bfcfbb04' '40293e74dbc643e8ab6546dff759ac7c'
 'cb895bf7e7c147e6b5d923b6c8f67d63' '8108dde0e62a48008a270138a690a0b9']"
"78c9461234ebe64ad91af16347b2afbd","['424ae71c56024094a02e6fd9bfcfbb04' 'f53397f743ca4d7397c0a694fe787da0'
 '0041db9da3694ad397f37c76f8477770' 'd1e5359d2e344260bf1b83823df839b7']"
"8fbade2505b0850c4038ba4b0b013b29",['424ae71c56024094a02e6fd9bfcfbb04' '40293e74dbc643e8ab6546dff759ac7c']
"99db7b89b640a0c2570b3bb8e21f43f7","['424ae71c56024094a02e6fd9bfcfbb04' '40293e74dbc643e8ab6546dff759ac7c'
 '1834b753dc7f4a8b98c2317a551b56ee']"
"9e8879c44f400bef99b17abce60e5e94",['424ae71c56024094a02e6fd9bfcfbb04' '0522f6580b824bc39792b695fc8be66b']
"f6c425bdd3bdadaa7f7b65901b875aa6","['424ae71c56024094a02e6fd9bfcfbb04' 'd4e043cf972c4d129b6b855f1731caae'
 'e0d63137270c426dbbfe7fcf78c474de']"
"6b7528cd9ea8d789abe3c8ea558e0abe",['91deb9f152264e958d106d481ff2e1ee' 'f85786004b0540349192d2ca05b15264']
"4b2c53355f86a10ae990338ebcb9c1cf","['229d85a2783e4a2991f17d2ab5750af7' 'b7fdfffc38b94bf7872eabe9b022c8fd'
 '5df80c25d33a4d148a14aa614343cc6b' '6a87f06ed55a46f29b24f77e548a3f1d']"
"2bef9f2520b250df2955e1148e863a15","['b7fdfffc38b94bf7872eabe9b022c8fd' '60dce7d8bc1b4729a038178a400b9a59'
 '4cbb4e238c5b4656803fb9b4b6c3512e' '652873bcd6d5432187e5deafc4fc5211'
 '78f9b30c08134ac5abb4f4e0bff0f7f2' 'f33e4e897b1e422bb516e8a2c941d9dc'
 'fac4e1553a9840e990bbfff46e64ff27' '87718ef799a34104b6ef9c2df6621cbc'
 '05f6639803524537b67a7f2b0c66ad23' 'd07207b853c14504a44eea1d4778f902'
 '406822a1a01a4140baf9bbf1d479f07e' 'fe47ba3762ae4feda39904d59cbb4160']"
"efa0f2467e6242170a2d90a14385554e",['b7fdfffc38b94bf7872eabe9b022c8fd' '6242e0c237a348908d0256ea790a0211']
"7e108a1f0876a82e34633eee74f96309","['36870a3393f6413e9bf647168eb6977a' '1b06d3e53ffd4771952fbef04d1e666c'
 '9eb8c635538243a690366f8bc1de34e0']"
"81dfed839bbb088d66ed74faafa95382","['36870a3393f6413e9bf647168eb6977a' '5a636c894c384532bff66212cf9d5824'
 'f64e87431d674f298c533f6878458b95' '9a5e0a4ae34f46b39a5a028cbc135264']"
"2ca4dd87df7a7297bd3a223b08f539bd","['0af2ca1c090843ea92679fd14c1fbc9a' '81a4818e5cf84ea085abf09de385c86e'
 '757e402cb7ee4601ac1bc8c4fafb5207' '62e8f5f04cd04384b246291cef3a9e4d'
 'c04abbd5e59b4c64b023908f6db05498' '6bb9bed2e39c4e31a81f12479af3d16c'
 '26c926c6016d4639b05427f01ba629f5' '8f6872eeb81b432b91405d327636113c'
 'ac80a99fda2b488285d29596dd4d1471']"
"542e71d7d8d24c707e8aa684ca847c38",['1b06d3e53ffd4771952fbef04d1e666c' '8f6872eeb81b432b91405d327636113c']
"ec821b7ffc72d74c237ed12d21aba6f3",['a9c468ef78704e9aabfc0317a5b1b42d']
"ccde189789ac67cba39855daf5e2899d","['0daf88ac4ec94cbb868e27e956c6d7f1' '9ed120043e6247be9965e4904920991b'
 '94d81d7de9254ae4b3b16fcc69aa22ea' '60c9212246f84ae5b6ab254127a39262'
 '0f8d0c36a4274526a9eddedae5e63881' '6aedd377efbe4f07ae42e546996e7bfa'
 '1aa8484562784f378851c33843c89687' 'f1a65d05dd5d456b889217020475ef80'
 'c077d92b48b6477db91e1a0460600f52']"
"2c3ae7491cabfdc2946c79ea584fb1ca",['8290a6212d6c4430ae0056c7e8eccd5f' '1ef48284d238405f94190125092a3e28']
"e1eb7906abef0df477bcdf943f251619","['8290a6212d6c4430ae0056c7e8eccd5f' '28b7457ca5dc4a38a488946a3f8e207e'
 '8029a14d15404e6db95ddf5e2bf9fc15' '389314ca89d445888c8d4985864dd733'
 '87fe1462b9064d5692641ab48e826301']"
"cfb84af0b32b80838186149eee2b7617","['a55175ac57014df696ca09d0def9604b' '5070012e83e7442381bcba1cdacdb7d8'
 '5eda9074df124f5497f17b61badd52ac']"
"fb27603a4f1a2d91a8945c606f9ec33a","['1766e8858d7b45ed97f71cb5a39e96ea' 'b823c5d22037423da919eee6c35c4c8b'
 'cd7f555e4ab948ba94bade14e262ff84' '2c2392247a35456da663adfcffd12e73']"
"4e5d43d52ee94db71358bd3018506fed","['6191e014f3f64e46a0777063ed4ac19a' 'a7c2a64e06374091adce74adb36801ab'
 '45b59feba7134bc18632cb42530c189a']"
"2e9c77aefcb96dfde90c451bba99ea10","['74cb9b3510e84498b9aee0d904316e8b' 'c92392d168c2443e8ed7b04992d0c92b'
 '1b9baa98ede84164883e8cdcbc7000c1' 'f5ae7dc11fd64822a3a15e7d3839031a'
 'e1e254e67719488894eaa3553112a8cf' '6fce354faa104fe58ba8a565eb3c43f2'
 '20585e9a43c04375aa334e946e2dd144']"
"ab9239e37545bab393167cac4336ef7b","['74cb9b3510e84498b9aee0d904316e8b' '179737fd23c943babdfae01ac5c6bfc3'
 '1b9baa98ede84164883e8cdcbc7000c1' '32e343c0ae454660bdfcd1d3133baf0a']"
"f18e64cf0b56da58916cf12abceef1dd","['31f2170fef004f3281c533a4a60dc3f3' '34537afa1e954e08bdb52ead3a49e2f3'
 '269b441634a144219f539202309bc9fb' 'd0baf2392635468db7f5657f89eb2024'
 '505ab840f6cc4fa6a839ebfe82d255ed']"
"da0fc02ebeaa7d8a244815162b4bce1a","['57f186c5c2754483ba66750e98222f95' 'a6ae1d99330443fcacb06ace15a0d937'
 'd06f506604b249feb423915db282ed75']"
"ad2ff5cd62185a7e86d52e68285426d7","['cbc1667556f84a5eadf867a823e6986c' 'a876d1ab79864396bc47a039225fd5c7'
 '0f642f63d4af4fc38298822bfc952719']"
"dc7f8f92d980ce2b57ed53931cacfbb6","['c09f67d4f25448c99f7c0552c30b7706' '5cbced0ba7044b7490f520a436261c57'
 '6ef76e963a564dbe9c9feff4f8ce1683' '1c8bad73fda646f8b3f413e432f0e351']"
"1dab4da3dc6ce428ca1f1aff6469071c",['01abe16e67c241a887aa62abe22d155c' '90f4ee186bcd4996ad8002888569fffc']
"078f14bae4d779e6ad5fad23e7f2ea43","['1ce2b24bc93442148dc2240d3c6223b1' '5b85c70d578c4d67b5cb4743552bd559'
 '956113fb770840c38bce65bb5832f988']"
"82f6df8c73c78cf4fd7eed0d4e5e77b7",['804c1e94e7974332a817931363ddb643' 'e036534e17b24dd2895167a20873230f']
"8a22d1ed78856814aba3794bf1b450aa",['804c1e94e7974332a817931363ddb643' '32dc0b572ad84c75a64a2007788eb981']
"ac4cec82c21d6c2b8c5e2e9b3be742b8","['804c1e94e7974332a817931363ddb643' '785bb55e79954b0c84a4a53cd7f0b454'
 '61cd7f168f7f44d6a23415e9497f1e65']"
"e5fa74b405fb017d2cffb093ab477001","['f5c11a5ac94e40068bca8be178a6bcd6' 'a00bc5e4be634b08b1f084b6a07abafd'
 'ce8241c964724429bb361b7b53867007']"
"6aebc820a4158d720b76fe99d4786e12","['ef67c9fc60284b50aa15ac655b06a155' 'cc8201cce1024b5192056fe8e98fda22'
 '97e097f9022540b88ab7c13d2805c25f' '829a6299a5fa4e7b8ff4020020a0be05'
 '54a20cc6062d4b7193d023b6ff20461f' 'ea27218042d640fd81c23eb64aff6b46']"
"fb91f31375af53453d052fdff50f6187","['97e097f9022540b88ab7c13d2805c25f' 'acd35bb6b3cb4979a3f3fb68a86b3b05'
 '9e1e7f67ba044c7fbf64723af1ade58e' '1474a72a5cff4b72ae6f99e804ceaa95']"
"a7afffd39fb1e0380ea66d364f749532","['dde2742459c24fb4a91172aa5c1a7620' '323979a67d79498fa271acdf8cd1a0c2'
 'fc3f77f29574410d991a2aa333950bf6' '237a46cc973b41dc9af4190c71c5c9e1']"
"35f219c5349bc5c6b800b555b7325333",['323979a67d79498fa271acdf8cd1a0c2' 'c7e8b188b45841a0a1bcb22f3445ea6e']
"5b166187db4b621cb91cbcabbfbd460b",['323979a67d79498fa271acdf8cd1a0c2' 'c7e8b188b45841a0a1bcb22f3445ea6e']
"cde81b63c0352bb90b98015501a3b422","['323979a67d79498fa271acdf8cd1a0c2' '7ea0bc1467e84184842de2d5e5bdd78e'
 '073241be9b6a4952ad01dd14b94fb89c' '5d6dc034d2014e8c930fde69c31b99cf'
 'aaa27aa0b1024e3aa3c87a6ec821a348']"
"eac76d5cf62bdb175682def4193cbc29",['5a4ad077106a4a3f951f43d2e01499b0' '5154b4a4f3ac43729703c69fccb54633']
"66cc93ab286227e785be2cd8302cab77","['a7ec8df038d7461689d28f1bdea84d9b' '7d375c18c1e2415faecd9f7397068a32'
 'dfa0e847a6704c93a0fe014b01858ff7' '9e91823feb174cd1b6a3bf8d0a5cb86b']"
"4df4c580b88edb58280040957d2b13c5","['8ddefa32e2ed4eaf8f76d17a676f74f3' '95ec30ce8dbe4ca28714e3e3735da8f3'
 '09045ef5c4314dde9a631a206274563f']"
"8247eaabe8d0db4fc1c5828f95e413ff",['754b0f2616064b18abb90f409ef0539a' '7ea0bc1467e84184842de2d5e5bdd78e']
"22d82491004a265aac66747d702a75e4",['e1ed13e29ee946d4aaafac50aaa3b68f']
"cb848450d765573a20628fb40c1c5422","['e1ed13e29ee946d4aaafac50aaa3b68f' 'b268cc3ef860434ba663dd46af633cc5'
 '1c9f67904a4c4fcc8cdac6a605900248' '392e06f17d724484a9cfb85fe69aac50']"
"0bd73ffe9a13d46d48e9c6980b189c06","['eb961d47a30c4870a1134b4a4672a8b2' '7823b4c5b3364c5f890d05f33a46bdde'
 '3fef96af4ec343da8c34f8b09518de8a']"
"dac97e22f33a54daa033288fefb7670a",['5b019e8652264136b95306bac70a2e25' '234c6f1859f0405ab607f0be53e7b06c']
"199aaf11765d80d02409aaab8b691903",['325fc9e2b37043b7af9f6ad338b09469' 'fd8c8b7e3b9248abb1d8cb8958ab86d3']
"5745f5e4d87d8a641c08ff3c39924914","['6bb11aa08b414232b5b45f10f5766f62' 'ad96e5294247465a9c7d5ea8161dc305'
 '25c968bf5a4f48369fded6c260f71540' '167a32ff67ce4471baa8cf019ee7c17b']"
"b8530184c3071c97429601a06820847b","['e379fba901174b529250169e62d98c09' '81ee8bb20bbb4d37bc0db642f1c75b8e'
 '93b4aa6ce6e44123a861d4c3b3d509a2' 'ee8414e314f547eeb369849cdb51bac2']"
"38dd0921ac731174a59ec6e94eeab28b","['dcf33412678340319e7ec8f7be267ef9' '4aa1e0fa00c048939a5d006bfd305fb4'
 '03053ab4a9054384a5f5e88d28841621' '9fd0f20997d541bca46c4ec9843a5d0f'
 '27168beee1ff456696c330c9c3b3259f' 'e1c20e06aeac436788a9c6e918bcb844'
 '344417f626ef4da4be4539ef4037bf3f' '8b1fff87c350475fb1d411a26c3c5b0c'
 '898a9458adfb4c13a1eafacf6a1068f6' '5448f05781de44ea96e3dea40b285842'
 '1239281fd3774b91a99358c9c1e6ee1c' 'd03eb34a0612420680555ab9f10d03d5']"
"bfdf3977c46f0ead15f3f8c1c9c39f40","['b69851bf63e34ced83827b0021628543' '0ec4ad4398a8457ab3d71bd2561858dc'
 'fd05d8198d0947b39b8fa1b16f3ecf5f']"
"b7d7a176a30e0cad4e21d20d4ed670ba","['de23b974cc90497eb4363e26d931a57c' '977c895bb98d4136a76e8749533154b6'
 '8d75cfea884248aba1f372de5e1b82a9' '4bb78401581b4240b0967309e96af00b']"
"d39928803a30957c678ba7bfc7335744","['09a1bd11eb9347a9b466edad1a562cc5' '8a9247ee9bac45bdbf69c9d0bb8419b5'
 '757a0f78fcdd4bf6b8326a75fcee9e15']"
"858692a6991a43581eb17b695978b12c","['4f6a6fd018a948f4bd0e630266b8bf61' '17dbfbecfaf0436bb11ed8f867c0caa1'
 'b61dfd0b24664f37af4046bdf0cb7b19']"
"e799020bd4ed9106a95fb5715fef0d57","['2b1ec99684574c2ab26bb050d5b57a4d' '9532cf83e9324ea0a46e5ac89bac407d'
 '8919fa72a9e74d1daff801e8f4c15b2b' 'bef38889bb86413895d7dd25b4c3137c']"
"10955923af33dd58454b796b2da93d07","['1ccce5d1892a4b6995bbaec22882d34d' '32b29a842b224f4c99fa1d5c764efc9a'
 'c59e3e931b0f4cf888c2eb70857ee753' '305b80bb4df5488b8a34129daeeae0c7']"
"2a4dfba4750588906f2098f45d6ef795","['1ccce5d1892a4b6995bbaec22882d34d' '9532cf83e9324ea0a46e5ac89bac407d'
 'f8c10f61a8f344cea7bdafa2d8af14b8' 'aa7d003f25624e19bc88d3951d4dc943'
 '1c97184ce5ea4049be417a3fd125357b' '9e5d626681094933abf87cf797f2fa46']"
"26aeb6f00d5522b71f5210e7e66a2cb7","['51cd93f89fbe4bcf883cdb2ca6774cd6' '5f353b18fadb438f95ba0ea8feae137c'
 '947d70dd14b34cf398a1ab6dbdc51161' '90f5597a558a4652bded9001a4ec2e56']"
"13526d7718fb859960383037dbbaf4e4","['90f5597a558a4652bded9001a4ec2e56' '215fcc6a3b5e452da123aa7f9ef0cbc9'
 'c10ffc51dcb54708a1dc757693010bfe']"
"21e832b2ab519ad1e3a8ac46ab4842fe","['90f5597a558a4652bded9001a4ec2e56' 'f770bc07cecf4aba8fe2d2c33fdc5542'
 '13cd49512d5642989c2c72bb5e674807' 'e5c5c87a281b43868c344ff60f44c100'
 'a562ffbe986247b7943990e7151f4d69']"
"839b9207b75bf3ace550391324a33388","['90f5597a558a4652bded9001a4ec2e56' 'e7d3fe0f87ff47f5a4c8d9572d27245a'
 '6f7165b558ae427ca14b2b16d1e8e204' '2ec093d2a76d45f88ec508e45ba8c6a3'
 '45c4ed77967746e485ec9e52c0dcc0d2' '17c2cc25d00347c3bf2422d4f7a4ad7e'
 '0057fb2ddc0e4088ae5099b7ffa137da' 'd67d67cc3698438db76eb4a7f75e1ea0']"
"e11ca4f8828577aaf7126b6cb523dc0c","['056f23eb710f471393ae5dc417d83fd9' 'e1ae27016d63447a8dfa021370cba0fa'
 '127cbb53940f4efa8e1807b4452375ba' 'cdb407fc600b45caa6f94f82e89d2e4f'
 '7f4905fcb43e4d6ca23e6d2b40f6958e']"
"7a9d013be64113ac0b686f7835ad3646","['13a044c404394c34af1e9b07c48aa985' '69ef1ac7b1f44372979149e82ecbc860'
 '3c06988555334a389eab093f98679e85' '8b7beab7c0a143aea7bffc31df7528d5']"
"cc4a8818601cdc620d55eef2b6ed49f7",['6e26ce67bacc4fa089296843463f69ad' '738fda68df7a49a0bae96673a8711afc']
"97543c44edcfe91806ae4966fb27036a","['ae0d3104647f4e6ab3ec2cf8e60be5ca' '89dd5a0943c64247adae624abbc95afb'
 '405e9907440d4deab71f3960ae36f47b']"
"f702c7b6765a8888a8ea861f2a4c014d","['16d5a528d6374612b87a5656e8d95193' 'c19cf2d7b067421990ab9f3acec9e736'
 '6e3c8aa3abab475bb0148faa9112f0bf']"
"1b7754026ba47eeb65fc0fbd78b1c0f7",['40293e74dbc643e8ab6546dff759ac7c' 'f745075dedcf444daa9370cf32403d31']
"508ac5faa042c00b4881fdb044ec22a1",['40293e74dbc643e8ab6546dff759ac7c']
"aec0495f6dbc3f5896ec07ec7ebe251e","['40293e74dbc643e8ab6546dff759ac7c' 'a077dbcd38b644f6929cf05272c2fb9d'
 'd2659a32b9de406eb750a35d078c9774' '0b26876307ad4cc48839b61a21a1d03a']"
"e8d077c7aea2ce872593c6e0d8ad3df4","['f3c3dd44cf50495c81e362174991242e' 'f805fd9fe42947a38b92a3db6e8cc986'
 'e8b956218d5c4e5d9d390abcf527a514' '9525aa223d774e62ad856c2201cfab1b']"
"6742be446922dd121eefd8afff18537b",['86c2b3749a3c4342bbb3a8c70c3a76a0' '7747cd2048f94d378e83265b9561d921']
"d85a9f80c3a8b981f89c9aeaf3defe13",['571f65acb3134490932feeb91b01cca3' 'f0c21c67baac47f097f74f5055b89877']
"ccdc87603fa2414f50c8b18e3ab78c70",['d3faf86c153f440eaa410305b3dc6617' 'f85786004b0540349192d2ca05b15264']
"61fb908630d3c280e95911db487c62e4","['7e88fd2e835147fbb71866612735e8d4' '029d1a8c3b184aa5bb21228f40cd12fd'
 'a1ebc53a0bc74a0eb6dbdd18cf3c88cd' 'a51d063ad4c744049edb359eb88407b7'
 'b67268f90338474e8e53b9a6715b6833' 'acb53370e72b4430a752d9ea18c17352'
 'a8738c7de11543df930169741381c252' '3f8b5b2727924ba0b62e6286063b6861'
 'bb5010633113442eaf814852995cfa22' 'fcdc0cc5ff93453eb0b94b9254760999'
 '5a224002ecbc4725abeb5a424aaca6a6' '8826a17bbda34012b3ea84d58ae531eb'
 'bab69d76defb402da2a2a358739f1497' 'ea465e5cd92247829f52ff0c8591d1bb'
 '2dbac25b512c4f21965169a95a910a94' '97958ed004f645b1b331fa0e66faa313'
 '48129b4ee99f4e30843fd4395d4815c0' '6de4c00e48b3480883e696e24df9fda4'
 '4b3d236101de4904ab348e3e3b11b4be' '5be2ce9957ba404f939b6c8175015619'
 'fe77344850214c1cac923094de81098c' '798f739abfc14a13bf3911d0a9cfb63b'
 '3105de8188fd41d88d0dbf0a5d48e443']"
"16e0ed7f7ab6b92d2c5616655df1ed00","['050c5b770d51409cb40f9c52f02d1329' '9e12f514d26d48dfab65807568a6cff9'
 '1064a663ca4742a78e743128546f6d87']"
"db743da6be29d97ffc8abdd6d3be4aef",['ddedfd5179e64700adced4803c75cdba' '39058965295643c8a7738350cc18ceac']
"c129c0bc6ccf3512f0165c48e1049069",['7303ee20690449db8c168df3fe008bc5' '2f1c535a14b14758bf1cacca81c74878']
"6f128a0a28b0677d871bbdd1920eed09","['ce0366abadef410d9b65e2bfbbf0b0f9' 'f4370806deb84d0eb7e85e742e7d4bbf'
 '8f10c11ecb5142029869025521c73431' 'e36a0e3901864a7eaa5f5ad4280a6471'
 '6fce354faa104fe58ba8a565eb3c43f2']"
"4d11c4b0dc5844f6a10fadd077fa6077","['34537afa1e954e08bdb52ead3a49e2f3' 'ae043af0299f4b32a98cf187efd2a5db'
 'ee895ad0b8cd40c29465e8527748d847' '6f49e00cdac04a358173ecd40351ee00'
 'f4753ab09adc42a9a52754e95440d4b9' '855c57eecf2a45c7aab02ff1ac36938d'
 '6ee77949c94d4906bd98c24341fdfa03']"
"17dce7613a6c56003b6c2cd4b5074283",['6016863be3414d5a92397f2d45fdfd78' 'c8f3e6cadcf34c8fafe8987e4a9b66f8']
"5d4276addc2f2965b4d5be07d544a40c","['a9b900821b8444d69f432da08a77539f' '1fee51d6f4614127a3e1cc80d018506e'
 '00dc2c0748214e52bc799ca3e25204e9']"
"5f9d5c30d0a45936539e58a40065c8ab","['42d1a9e749ad40daa34c7b0b695f8751' 'cd8d9795f540413390927ea2a9e77c26'
 '4a3ff6a3471945fd8c7fd5c171c56d56']"
"d6fed9f836099d34eeb33a689ef5905b",['e4f3fcc475a74756925b730caffcb70d' '7f3d5282303f4fc3a009e04f7de0ad84']
"670d5b8f163e15e36907bb41ad7fb981",['21bfd14cbc1f4cbc8ac59f7fd8c75b31']
"125aaa8d948c6ad2f25489cd7366c153","['3e1981b9301c4d339a9228ae7a089a04' '26c9c44e5059429bb8abc3308bc6c814'
 '7cea9903153f43b895c0b23d25bc90a3' 'b54436ccc23745c88d24edcc3fdd8ed1']"
"52e9bb83e1dea49d72f739eff4157afb","['6bb190069a704ccca3d8e1648a384185' '47d2036509bf408095ab440bd052ac24'
 'c20e6b1418a140389c31c7b71a6eba0c' '7a9e50846c274338ab09e7313b540edb']"
"430653c21d95ba37d4eae0e76ea56985","['2917f3b478b04ffcacd4b47602f4d0f5' '3984bd063b384901862e68506c77cc68'
 '4137a2c7dd884bc2a8469b7fa937346c' 'b872fcc5b18a4f32b976f4693f22e88e'
 '64be9b98299f4d349e0f4358685ca235' '8302a03f6ede471bb955c0bbf44a4b3c'
 '6b7aa6ce4cac4edbaaab831286e67e5e' '655d40ea08e348ad94ae49785797da90'
 '254cea99330f4f2aa062c771146da7ea' 'a2836232227c4e3383d166db860cb2a3']"
"be4aea5c3851b39e2ff5c367900daa90","['60b6bf585ccc477d830d4b69b8c7b62a' 'cf37d3d4bc154f65b3d79c831c587763'
 '4b4fce341d554012bc73d7886860749e' '9f6e7a08bd814d19b45fac58928027f8'
 'ff9410fed5e64c04a875e040e3d182b2' '1161272728914953b568f384d7a9f2f1'
 'f09c82eb89944ae9846df82135123b90']"
"c305e9f4ac1d42bec43a03d0bcb8a30e","['5070012e83e7442381bcba1cdacdb7d8' '2f92fc82c3b74417896bad3bd8e61f5e'
 '9607ba4a796f46be8d4f79bc7065d60b' '039594428123415f95deb246f5097169'
 'd78ce7696ff14234a544de945ffe40d6' '59b21508be904875af22b5c1cfdcd211'
 'e9c7a1d505b14229afbbef7c0d04751e']"
"dd0e8c3a53affd5981f84d21983eb5ee","['e2aacff6b4404574b818e7a3ece57b5b' 'b680be879404440885b1d3af5b9af583'
 '4cc609b1a64a442aac6b72078a315ac6' 'c44324c171674d00a743413042e9b944']"
"d7bbdfbd03e739c6c52bd3c9096bbcd2","['2ec5cae98c7a485881f0680fbca6d67f' '5927f9089289429da4adf2bbd5641e44'
 'b066746cdff7440c8a3591f0c098201d' '1e2eded8ef7b4b458c33fbc2d36c4380']"
"60ebabe690f6d6bd2408ac12e84701ab","['bdee1849252749efa2e671ed87641f61' '372f78df13f9452b84d898c703a1ba95'
 '3730b5d759ba4fd28a54af0a02151f09' '82b7f7c27e2348f880c94ffb80942de7']"
"27dcc94d9b7fde810dec04243d5f4424","['057641c1476247958d8c357e17095d8e' '2b3bea0d9ede41f193828526bcb8e02c'
 '236dd7dce9ee4cf5918fddd44b4863e5' '9e92fed814a64d9d88bfab9a227859d3'
 '7dccecb29d3a419093b279b22e207539' '89857eb61e63461cbad7c5014f5098f9']"
"bd51762f5e0b283bfbb800d6d11a40ed",['19aa5f0b738c4f4a96668c80c3e93331' 'f8402b10349f4db888ac4fb6fd81723a']
"dfd98af875b627510a891c3d4e375775","['4728bf0cb7564bbd85c90ceaa846f290' '20a79ddd91ba48e4bb7bc194c79baaf6'
 'b95728a0b96b405cbccafa6c12fd8722' 'e017ad1f09b049a7ad41d5a11dc1e3d9'
 '8123eee04a3a4c779f03bdb85de99f9f' '6129d90c83194bcfaede9ff00a011297']"
"94f5ee6f7ea75fa6da839400ada6c9ec","['7af06d2b32a941a4b044579a7c423371' 'a10b8fad74744ae981747dadf7234b78'
 '20c3844c80a140ac97b62dc444feee41' 'c5fac1bea509464d9dc934275d938039'
 '45b64fbddd8f4abdb86a9c3c6f53f802' '0e504b58cbda4d9188050bc43004c01f'
 'c06bd37e120e4af49ec8bd6ce399473b']"
"9c29a6ca388e1ef7ee4a4bd25695cb71","['0cb2118ecc87439a91409deef7ef9830' '0980c4f558654466b4d691d0cb7ce16d'
 'f1e47cf5daa441649c3474c3339bb704' '0964dcfbff934c92af8961155673ac7f']"
"563361f76d1a9622c17edd6689d14bfb","['1b0e7dbc7c5944a7833f6540bde1fa4f' '0c0f2d8c623949f1ae89c67d0753aeab'
 'f970bfe31db74929abff6ea38e5d18e6' '6f0c2a8b79e6406a8ab7a20864ae2ce2'
 '7b09e60e33f44ffdab9c656c5b9c1d50']"
"9706700c164888cada6cc7690b0558e3","['5d507985f2f540d8a1fa2d1191eae2a8' '66fa0de756da440bad8da583306410c4'
 '51b82bcdffe04056bad1c082c3830047']"
"93a3e213610179f15f67d6b97cb5d653","['8e0b5b4011d74bbb8dc09fa05d88369c' '5d8184f5d52040d8bb67d1a6b889e9fe'
 'd95acc24180c47caa34114627d501592']"
"5b2f0bf433bcfc972d553e0b74427aa7","['b3bf669489ae4913bb60ddfe50e41697' '0eba9d55a3ff46298665a0c292e2237f'
 'bbf61f9cd3e14f46a010d704e86be008' '5d34e587bd2f41dba285e9178f179577'
 '901b491be7344401b4544ff05e591a0e' 'ecacbf62b81d485396a56e1730e75a04'
 'ba0ad1bcf02b4928a1b7ff7b23acdd6f' '3f85dab93736440f9776020b6410aa9b']"
"84aaa55c740cd0a46f92aaae2d4c4290","['55e3f4a200eb4619ae2b6efb645464d1' '15e66e10d12f4520abca20985d2cb39c'
 'd45dea925f8d4e7e93d0e17317001eec']"
"8f5d126775576a236cb53e6f86b663da","['4bdaba79a3274241ab98e27aeaf98f57' '7c8c464ed7044a7896adfeb35f58a04d'
 '5fa2eec73bec481b85eba22ea7a2a927' 'e6aa5eedca984c56b5fa5e179127951d'
 '1c4bd4ba4ef64a93acd55faa8fd97ca9']"
"e94cfb8c395a24fbf6db9a2baed8c5d5","['3be77a7b57e34c55acc1f1dfbc64ee10' 'e00c403d1dc84ba6a37ee193596e320f'
 '3f2e726c3b624fe7bf11de9be2c0457e' 'f71dc0c394f04771af7e2ed37f85647e'
 '2fea9c1856e54a91b79a9ce85755fbf5']"
"ea96ddadb47760fb6285d78ff43334d1",['751c564f8ff6444d9d4c8de4a677e655' '710ed70c346342ff81ccf205e30271bb']
"100579c0649a951fa90b7a0391a7d23c","['96963c158fb64680bded290f442ff9aa' '5763d829837144f199fac2b490b38110'
 'f8fd3fcf650b47b2b1692506ebe77762' 'b3d3e8ba2ede4574a0498f082f0c15ae'
 '8686013390614eca9116ccbab27431d7']"
"40aecf550b64085ed8aa08f800e16a30","['c62bb148852b49a98e2779ca23a0919d' '72b5a0c357c24b739084d501b9354bc1'
 'c827b62ebf134e55a3ccf0b63f976870' 'b51ef388758845e880e736309ae791e3']"
"0d038a2560cc5bf059eccc772d45635c","['d221b743a51d464b87de3b72b85f6b59' '9fd31a28e1384b40a9d1658a765871cd'
 '0119f233c8394b9584e55fadcce173f0' '5c20b469b92446dabb1b68976807be7c'
 '3280fc12ef414827838e6ac7089f0618' '556fba72a0854ce4831f6cfea6fd035e'
 '8e2e6eeed5a04c9f80efbcfc624ced95' 'ea6d546f1caa4b4aaacdad8b8af195ec']"
"9796f10b22a5b0a3db4557e3075bdbb0","['267ce44e6dae43ee94d0d375ec08ef17' 'd9b948357d96419ca135065ce1c360ef'
 'f1ea6ef9539043ab887bcce22ccf9625' 'b50c4f053f0546029c4095b7b93aa05e'
 '0cea7f7a7fab49339cdd6fb02d0d183e' '5b89f0d8101c419b86e1959cca2db848']"
"b9b9e11170b32192d67fdf084d715f45","['b37e5d15f3154ee39df016b8eac8de66' 'e13eb574e885414b80f0b66992767ef2'
 '93f4140f654e41ccba908c6f6dc65f17' 'a102d091986749ef90b45d411e707bef'
 'cd6ae38a5a6742899d14f4a064f42c19']"
"0e09879bf7db3d8a2ef74d68d4e2e984","['fe18688bd4ef44d1a184ec6d1451a5cf' '0f1282bdfedb4f6e8765007a90dd2959'
 '540af5c5d4cd41ceb29c40c5fb02e2fe' 'bbf83708095f47019eaee93d6879bc77'
 '245a56f01d1b48a7b4d88ed0e354155a' 'd3aa564fb4eb430a8ca6813ca76bfff6']"
"1f20c2401d483b8a4f7e94c30ef806c0","['cdb407fc600b45caa6f94f82e89d2e4f' '7f4905fcb43e4d6ca23e6d2b40f6958e'
 'f5ad4fe84df544c69db25f0e30c6eace' 'c4e9532dbc734264a0e3e827bc8014c6']"
"67a230cf4b51067fac96ba864d694107",['003e5d505a01434596c6d65ff20b0bdf']
"6965a0a9afffb8be84b960e5517baba8","['354cea4f6e164a48ad12122c28a5b30d' '1ee2380c1eda4ebb8c9304820750ac88'
 '57e00d4d4e0e4679a150f048deb80af3']"
"595dc3457df06d08ab6fd04192ca4288",['45c42e619f5e488f914608780dcf0579']
"4e9cd7c817b157e416ae8f8ffed06c56","['6b2586cc1f8e4dc8af64913af63d9837' '7983bfa8d173414685272b3844d6612e'
 '9a8a2e5e3f2645619a0403532d935afe']"
"bc43017fa804602eec26c90d6d112e06","['7b2e7a0d910c4988a7b64489f4159a65' '38630cf0996f4cff8d32b2dbdaa5ba85'
 'bd0fb68ac7014b91a314c93ec55897f5' 'f24dcb3cd6d644f8af2b6c47983e280b'
 'b1cad695afbc4ec3bbcd46ea34bd26ca' '72f7974758d74e5d89ddb64ad739abb8'
 'e6ee83249adf4e14b98d1676b1c6b05f']"
"c71a117a935af73367b81946726d7777","['1087596b06d1400a8f863d0ac1af64a4' '2a271d9b5d7b46fea4046d5590eed1d7'
 '99e372089bed4a0394af57175679f8e4']"
"748a5cb2e67b0d24c5e76078514b228f","['e368f8e9c9864acc880fdb5113631f3f' '05063c19ddb847a89ae1746588464288'
 '019b34e800414f7b87f38a14adf2eb67']"
"12f624e00deebef43a41293851609f1d","['183f3a0b73ff41c5bb4a19fd7adf0c1d' 'ded3a49efdf6479a991cad53d0758cf4'
 'd6f67aa7ef0e4a19bf5830e777aafea5' 'e38eb1698900424bb7392a74ff0f3351']"
"55c694e950262cc7801d636dbb928245","['bd403eff654e42c997e5656a2b1c1a20' 'd4456fac0ada4b6fbe3cfee873403d00'
 '0e3c66c25d7e43a7960c37d28315e5d8' 'a0e0d5b7db9f4efcb5277856db799775']"
"5a5098a7da5079c20d8cd8f4078f9f9f","['21800eab85b94d4880bcada7a60763e5' 'b8bb28a7a9624b6d805be89adfe29eb5'
 '61f26f8850504d56a6b7cd764c33299d']"
"3e7137a5586a37c27f0515f4775e12dd","['12f5a7c56b454a3d8aae97f65908f96b' '95f79ff0b8a34080ae2ac8448ce561f1'
 '8733d4602c084e1cab1384dde0306abf']"
"b811eb9222b8eeedce1c40b89e3bc016",['816fceb7e1ca4b5d9277368f78e6ed80' '50539d4503a4495097f49a8ed83e2462']
